marketing_year,destination,exports_mil_bu,share_of_total_exports
1992,Japan,556.653631,0.334673
1992,Taiwan,209.975104,0.126242
1992,Former Soviet Union-12,163.044636,0.098026
1992,Sub-Saharan Africa,155.690180,0.093605
1992,European Union-27,108.526522,0.065249
1992,Egypt,54.981753,0.033056
1992,Canada,49.460289,0.029737
1992,Algeria,41.263484,0.024809
1992,South Korea,39.044399,0.023474
1992,Saudi Arabia,29.589208,0.017790
1992,Venezuela,28.304214,0.017017
1992,Dominican Republic,24.632368,0.014810
1992,Mexico,20.509909,0.012331
1992,Israel,20.112416,0.012092
1992,Unidentified Country,19.167677,0.011524
1992,Iran,17.471143,0.010504
1992,Colombia,14.814895,0.008907
1992,Costa Rica,12.595980,0.007573
1992,Tunisia,11.450955,0.006885
1992,Jordan,11.040502,0.006638
1992,Chile,10.580957,0.006362
1992,Morocco,9.169409,0.005513
1992,Jamaica,7.030050,0.004227
1992,Lebanon,6.813969,0.004097
1992,Guatemala,5.983977,0.003598
1992,El Salvador,4.447069,0.002674
1992,Yemen (Sana),3.732068,0.002244
1992,Trinidad And Tobago,3.505452,0.002108
1992,Panama,3.077524,0.001850
1992,Turkey,3.070753,0.001846
1992,Brazil,2.779947,0.001671
1992,Syria,2.750461,0.001654
1992,Peru,2.506456,0.001507
1992,United Arab Emirates,1.409067,0.000847
1992,Barbados,1.230040,0.000740
1992,Ecuador,0.963494,0.000579
1992,Suriname,0.877833,0.000528
1992,New Zealand (No Islands),0.848212,0.000510
1992,Honduras,0.821768,0.000494
1992,Oman,0.780495,0.000469
1992,Dominica,0.524503,0.000315
1992,Bahrain,0.454664,0.000273
1992,Netherlands Antilles,0.322111,0.000194
1992,Indonesia,0.252665,0.000152
1992,Hong Kong,0.151835,0.000091
1992,St. Vincent And The Grenadine,0.146529,0.000088
1992,French Polynesia,0.132907,0.000080
1992,Nicaragua,0.093559,0.000056
1992,Grenada,0.087519,0.000053
1992,Paraguay,0.086925,0.000052
1992,Other Europe,0.061533,0.000037
1992,Argentina,0.047525,0.000029
1992,United Kingdom,0.031975,0.000019
1992,Singapore,0.027247,0.000016
1992,Aruba,0.026810,0.000016
1992,Kuwait,0.022519,0.000014
1992,India,0.020117,0.000012
1992,Bahamas,0.017842,0.000011
1992,Australia,0.012401,0.000007
1992,Bermuda,0.012283,0.000007
1992,Pakistan,0.010291,0.000006
1992,Uruguay,0.009874,0.000006
1992,Belize,0.008082,0.000005
1992,New Caledonia,0.003661,0.000002
1992,Haiti,0.001787,0.000001
1992,Cayman Islands,0.000984,0.000001
1992,Thailand,0.000236,0.000000
1993,Japan,480.856853,0.362004
1993,Taiwan,199.863231,0.150463
1993,Former Soviet Union-12,100.839299,0.075915
1993,European Union-27,79.201191,0.059625
1993,Egypt,61.148647,0.046035
1993,Mexico,58.247406,0.043850
1993,Algeria,42.228320,0.031791
1993,Saudi Arabia,36.064186,0.027150
1993,Venezuela,31.862629,0.023987
1993,Dominican Republic,24.624073,0.018538
1993,Colombia,24.041463,0.018099
1993,Canada,22.334787,0.016814
1993,South Korea,20.032451,0.015081
1993,Unidentified Country,19.848905,0.014943
1993,Sub-Saharan Africa,15.998032,0.012044
1993,Costa Rica,13.927019,0.010485
1993,Israel,11.895973,0.008956
1993,Jordan,9.673677,0.007283
1993,Chile,9.596405,0.007224
1993,Morocco,8.702463,0.006551
1993,Peru,6.851999,0.005158
1993,Guatemala,6.428035,0.004839
1993,Jamaica,5.963525,0.004490
1993,Panama,5.169626,0.003892
1993,Iran,4.591200,0.003456
1993,Tunisia,4.453837,0.003353
1993,El Salvador,4.094610,0.003083
1993,Trinidad And Tobago,3.590929,0.002703
1993,Syria,3.187172,0.002399
1993,Yemen (Sana),2.727115,0.002053
1993,Lebanon,2.241902,0.001688
1993,Brazil,1.264783,0.000952
1993,Barbados,1.254114,0.000944
1993,United Arab Emirates,1.033928,0.000778
1993,Honduras,0.962199,0.000724
1993,New Zealand (No Islands),0.509692,0.000384
1993,Nicaragua,0.439389,0.000331
1993,Netherlands Antilles,0.290183,0.000218
1993,Suriname,0.260618,0.000196
1993,Qatar,0.259830,0.000196
1993,St. Vincent And The Grenadine,0.227037,0.000171
1993,Australia,0.217942,0.000164
1993,Bahrain,0.206683,0.000156
1993,Hong Kong,0.172327,0.000130
1993,United Kingdom,0.146174,0.000110
1993,French Polynesia,0.122041,0.000092
1993,Belize,0.096436,0.000073
1993,Grenada,0.090350,0.000068
1993,Turkey,0.056698,0.000043
1993,Philippines,0.055119,0.000041
1993,Malaysia,0.049407,0.000037
1993,Argentina,0.047451,0.000036
1993,Indonesia,0.040982,0.000031
1993,Bahamas,0.034132,0.000026
1993,Ecuador,0.029932,0.000023
1993,Singapore,0.027912,0.000021
1993,Kuwait,0.026416,0.000020
1993,Pakistan,0.024105,0.000018
1993,Bolivia,0.019763,0.000015
1993,Other Europe,0.019290,0.000015
1993,Aruba,0.017716,0.000013
1993,Thailand,0.016141,0.000012
1993,Papua New Guinea,0.006889,0.000005
1993,Guadeloupe,0.003110,0.000002
1993,Martinique,0.002165,0.000002
1993,Antigua & Barbuda,0.001378,0.000001
1993,Uruguay,0.001378,0.000001
1993,Oman,0.000150,0.000000
1994,Japan,620.977033,0.285182
1994,South Korea,315.160520,0.144736
1994,Taiwan,237.280888,0.108970
1994,China,127.557466,0.058580
1994,European Union-27,121.368951,0.055738
1994,Mexico,118.173260,0.054271
1994,Egypt,93.817851,0.043086
1994,Canada,42.427744,0.019485
1994,Algeria,37.159386,0.017065
1994,Venezuela,34.821619,0.015992
1994,Colombia,33.585697,0.015424
1994,Saudi Arabia,30.290187,0.013911
1994,Sub-Saharan Africa,25.044041,0.011501
1994,Israel,25.016767,0.011489
1994,Dominican Republic,24.117715,0.011076
1994,Unidentified Country,22.865101,0.010501
1994,Iran,21.503590,0.009875
1994,Peru,21.058966,0.009671
1994,Indonesia,20.755476,0.009532
1994,Morocco,20.227509,0.009289
1994,Malaysia,17.793293,0.008172
1994,Chile,16.537549,0.007595
1994,Costa Rica,14.547517,0.006681
1994,Brazil,14.455104,0.006638
1994,Jordan,13.710533,0.006297
1994,Syria,13.517550,0.006208
1994,Turkey,13.232662,0.006077
1994,Tunisia,8.010921,0.003679
1994,Guatemala,7.571516,0.003477
1994,Jamaica,7.012653,0.003221
1994,El Salvador,6.519849,0.002994
1994,Lebanon,5.821733,0.002674
1994,Panama,5.364034,0.002463
1994,Thailand,4.682810,0.002151
1994,Trinidad And Tobago,3.505464,0.001610
1994,Philippines,3.411547,0.001567
1994,Honduras,3.405272,0.001564
1994,Australia,3.347125,0.001537
1994,Yemen (Sana),2.873486,0.001320
1994,Other Europe,2.455018,0.001127
1994,United Arab Emirates,2.223635,0.001021
1994,Ecuador,1.933991,0.000888
1994,Former Soviet Union-12,1.448156,0.000665
1994,Barbados,1.266239,0.000582
1994,North Korea,1.240099,0.000570
1994,Nicaragua,1.126679,0.000517
1994,New Zealand (No Islands),0.952916,0.000438
1994,Sri Lanka,0.811143,0.000373
1994,United Kingdom,0.687956,0.000316
1994,Bahrain,0.596429,0.000274
1994,Vietnam,0.590484,0.000271
1994,Haiti,0.560210,0.000257
1994,Singapore,0.524975,0.000241
1994,Qatar,0.498008,0.000229
1994,Papua New Guinea,0.471332,0.000216
1994,Suriname,0.445727,0.000205
1994,Netherlands Antilles,0.277428,0.000127
1994,Hong Kong,0.207982,0.000096
1994,Paraguay,0.169834,0.000078
1994,St. Vincent And The Grenadine,0.146410,0.000067
1994,Argentina,0.094082,0.000043
1994,Kuwait,0.074996,0.000034
1994,French Polynesia,0.051253,0.000024
1994,Grenada,0.039557,0.000018
1994,Bolivia,0.013267,0.000006
1994,St. Lucia,0.010039,0.000005
1994,Pakistan,0.009968,0.000005
1994,Bahamas,0.007283,0.000003
1994,Bermuda,0.006181,0.000003
1994,Belize,0.004791,0.000002
1994,Uruguay,0.003362,0.000002
1995,Japan,602.543045,0.270463
1995,South Korea,322.556930,0.144786
1995,Mexico,254.995374,0.114459
1995,Taiwan,233.773830,0.104934
1995,European Union-27,124.553159,0.055908
1995,China,86.885698,0.039000
1995,Egypt,72.252583,0.032432
1995,Malaysia,59.034455,0.026499
1995,Colombia,42.734713,0.019182
1995,Unidentified Country,37.346779,0.016764
1995,Saudi Arabia,36.618207,0.016437
1995,Canada,31.886328,0.014313
1995,Sub-Saharan Africa,26.328701,0.011818
1995,Israel,25.765102,0.011565
1995,Dominican Republic,25.344236,0.011376
1995,Peru,21.736469,0.009757
1995,Venezuela,20.976659,0.009416
1995,Turkey,20.674110,0.009280
1995,Indonesia,20.353684,0.009136
1995,Algeria,18.168905,0.008155
1995,Philippines,15.292226,0.006864
1995,Chile,14.492359,0.006505
1995,Costa Rica,13.629124,0.006118
1995,Morocco,11.864794,0.005326
1995,Jordan,9.812686,0.004405
1995,Lebanon,7.663457,0.003440
1995,Syria,7.531495,0.003381
1995,Jamaica,7.362026,0.003305
1995,Thailand,6.880935,0.003089
1995,Tunisia,6.573311,0.002951
1995,Guatemala,6.559501,0.002944
1995,Ecuador,6.106011,0.002741
1995,Panama,5.854412,0.002628
1995,El Salvador,5.398249,0.002423
1995,Trinidad And Tobago,3.765759,0.001690
1995,Former Soviet Union-12,2.072823,0.000930
1995,Yemen (Sana),1.872392,0.000840
1995,Honduras,1.332354,0.000598
1995,Barbados,1.293955,0.000581
1995,Vietnam,1.279073,0.000574
1995,Suriname,0.604656,0.000271
1995,New Zealand (No Islands),0.572119,0.000257
1995,Nicaragua,0.552848,0.000248
1995,Papua New Guinea,0.476670,0.000214
1995,Other Europe,0.452510,0.000203
1995,Grenada,0.446908,0.000201
1995,United Kingdom,0.409181,0.000184
1995,United Arab Emirates,0.383604,0.000172
1995,Brazil,0.382931,0.000172
1995,Haiti,0.347582,0.000156
1995,Bahrain,0.295734,0.000133
1995,Argentina,0.268346,0.000120
1995,Qatar,0.259830,0.000117
1995,Netherlands Antilles,0.250106,0.000112
1995,Australia,0.232784,0.000104
1995,St. Vincent And The Grenadine,0.219084,0.000098
1995,French Polynesia,0.135860,0.000061
1995,Hong Kong,0.130384,0.000059
1995,Singapore,0.057045,0.000026
1995,Pakistan,0.041561,0.000019
1995,Bolivia,0.035116,0.000016
1995,Bahamas,0.028621,0.000013
1995,Kuwait,0.027400,0.000012
1995,Bermuda,0.016180,0.000007
1995,Uruguay,0.011917,0.000005
1995,St. Lucia,0.008504,0.000004
1995,Belize,0.003732,0.000002
1995,Fiji,0.003346,0.000002
1995,Paraguay,0.001614,0.000001
1995,Oman,0.000232,0.000000
1996,Japan,581.286699,0.323410
1996,Taiwan,215.825662,0.120079
1996,South Korea,209.503996,0.116562
1996,Mexico,124.465399,0.069249
1996,European Union-27,93.114467,0.051806
1996,Egypt,90.230383,0.050201
1996,Colombia,52.060351,0.028965
1996,Saudi Arabia,37.070123,0.020625
1996,Canada,33.219100,0.018482
1996,Malaysia,32.366274,0.018008
1996,Algeria,31.597641,0.017580
1996,Dominican Republic,27.851330,0.015496
1996,Venezuela,27.426980,0.015260
1996,Israel,20.648021,0.011488
1996,Turkey,18.593988,0.010345
1996,Chile,15.587701,0.008673
1996,Morocco,14.575532,0.008109
1996,Sub-Saharan Africa,13.973167,0.007774
1996,Costa Rica,13.907217,0.007738
1996,El Salvador,13.208018,0.007349
1996,Guatemala,12.942011,0.007201
1996,Lebanon,11.614727,0.006462
1996,Jordan,10.719139,0.005964
1996,Philippines,9.788687,0.005446
1996,Unidentified Country,9.286412,0.005167
1996,Syria,8.688723,0.004834
1996,Indonesia,7.785853,0.004332
1996,Jamaica,7.655241,0.004259
1996,Panama,6.887745,0.003832
1996,Peru,6.683109,0.003718
1996,Tunisia,6.478355,0.003604
1996,Honduras,5.008779,0.002787
1996,Ecuador,4.487190,0.002497
1996,Former Soviet Union-12,3.155170,0.001755
1996,Trinidad And Tobago,3.017763,0.001679
1996,Singapore,2.294695,0.001277
1996,China,2.100688,0.001169
1996,Other Europe,1.578626,0.000878
1996,Yemen (Sana),1.568981,0.000873
1996,United Arab Emirates,1.515302,0.000843
1996,Barbados,1.473423,0.000820
1996,Sri Lanka,0.866101,0.000482
1996,Nicaragua,0.857204,0.000477
1996,Vietnam,0.649576,0.000361
1996,Brazil,0.524542,0.000292
1996,Suriname,0.502811,0.000280
1996,Oman,0.473891,0.000264
1996,Bahrain,0.454624,0.000253
1996,United Kingdom,0.338693,0.000188
1996,New Zealand (No Islands),0.254724,0.000142
1996,Argentina,0.238414,0.000133
1996,Hong Kong,0.223486,0.000124
1996,St. Vincent And The Grenadine,0.145781,0.000081
1996,Netherlands Antilles,0.135931,0.000076
1996,Haiti,0.125703,0.000070
1996,Grenada,0.118853,0.000066
1996,Bolivia,0.050549,0.000028
1996,Antigua & Barbuda,0.041455,0.000023
1996,Bahamas,0.032203,0.000018
1996,French Polynesia,0.031691,0.000018
1996,Pakistan,0.016224,0.000009
1996,Kuwait,0.015865,0.000009
1996,Bermuda,0.010826,0.000006
1996,Australia,0.006232,0.000003
1996,Belize,0.004453,0.000002
1996,Thailand,0.002362,0.000001
1996,Paraguay,0.001693,0.000001
1996,Uruguay,0.000669,0.000000
1997,Japan,569.330803,0.378437
1997,Mexico,162.468013,0.107993
1997,Taiwan,147.949506,0.098343
1997,South Korea,137.145344,0.091161
1997,Egypt,71.183007,0.047316
1997,Canada,56.756248,0.037726
1997,Colombia,40.891769,0.027181
1997,Saudi Arabia,36.461896,0.024236
1997,Algeria,33.900800,0.022534
1997,Venezuela,25.566261,0.016994
1997,Dominican Republic,25.361861,0.016858
1997,Unidentified Country,20.243807,0.013456
1997,Turkey,14.927976,0.009923
1997,Morocco,13.785333,0.009163
1997,Costa Rica,13.333689,0.008863
1997,Sub-Saharan Africa,13.303328,0.008843
1997,Syria,11.272625,0.007493
1997,Philippines,10.770042,0.007159
1997,Peru,9.951990,0.006615
1997,Panama,9.447743,0.006280
1997,European Union-27,9.116148,0.006060
1997,China,8.363069,0.005559
1997,Jamaica,7.773959,0.005167
1997,Guatemala,7.585980,0.005042
1997,Tunisia,6.140182,0.004081
1997,Israel,5.841397,0.003883
1997,Malaysia,4.393946,0.002921
1997,Chile,4.118853,0.002738
1997,El Salvador,3.780136,0.002513
1997,Lebanon,3.512511,0.002335
1997,Trinidad And Tobago,3.386159,0.002251
1997,Ecuador,2.940479,0.001955
1997,Honduras,2.492402,0.001657
1997,Jordan,2.273672,0.001511
1997,Barbados,1.529132,0.001016
1997,United Arab Emirates,1.073138,0.000713
1997,Other Europe,1.070745,0.000712
1997,Former Soviet Union-12,0.914236,0.000608
1997,Argentina,0.856763,0.000569
1997,Yemen (Sana),0.787325,0.000523
1997,North Korea,0.629892,0.000419
1997,Suriname,0.599657,0.000399
1997,Oman,0.303096,0.000201
1997,Hong Kong,0.122408,0.000081
1997,Grenada,0.109676,0.000073
1997,Bolivia,0.095822,0.000064
1997,St. Vincent And The Grenadine,0.095468,0.000063
1997,Haiti,0.090389,0.000060
1997,Indonesia,0.089681,0.000060
1997,Brazil,0.053789,0.000036
1997,Antigua & Barbuda,0.049210,0.000033
1997,Bahamas,0.045273,0.000030
1997,Pakistan,0.030455,0.000020
1997,United Kingdom,0.029924,0.000020
1997,Australia,0.028424,0.000019
1997,French Polynesia,0.014409,0.000010
1997,Netherlands Antilles,0.007874,0.000005
1997,Kuwait,0.005858,0.000004
1997,Thailand,0.005661,0.000004
1997,Belize,0.004220,0.000003
1997,New Zealand (No Islands),0.004216,0.000003
1997,Bermuda,0.002244,0.000001
1997,Turks And Caicos Islands,0.001890,0.000001
1997,Uruguay,0.001776,0.000001
1997,Singapore,0.000772,0.000001
1997,Vietnam,0.000626,0.000000
1998,Japan,591.589787,0.298152
1998,South Korea,248.338082,0.125158
1998,Mexico,214.709998,0.108210
1998,Taiwan,171.854078,0.086612
1998,Egypt,119.601436,0.060277
1998,Colombia,59.543927,0.030009
1998,Venezuela,50.717832,0.025561
1998,Saudi Arabia,46.539912,0.023455
1998,Unidentified Country,41.839677,0.021087
1998,Algeria,37.586886,0.018943
1998,Canada,34.651115,0.017464
1998,Dominican Republic,30.605877,0.015425
1998,Turkey,27.303698,0.013761
1998,Peru,25.899091,0.013053
1998,Morocco,23.302915,0.011744
1998,Chile,19.143245,0.009648
1998,Sub-Saharan Africa,17.422043,0.008780
1998,Tunisia,16.541384,0.008337
1998,Malaysia,16.451034,0.008291
1998,Former Soviet Union-12,15.934224,0.008031
1998,Israel,15.718746,0.007922
1998,European Union-27,14.673933,0.007395
1998,Guatemala,14.561355,0.007339
1998,Costa Rica,14.422689,0.007269
1998,Syria,13.932609,0.007022
1998,El Salvador,12.923248,0.006513
1998,Panama,9.990748,0.005035
1998,Ecuador,9.045321,0.004559
1998,Jamaica,8.516338,0.004292
1998,China,8.042376,0.004053
1998,Lebanon,6.635435,0.003344
1998,Indonesia,5.487339,0.002766
1998,Jordan,4.896973,0.002468
1998,Brazil,4.774778,0.002406
1998,Honduras,4.631454,0.002334
1998,Yemen (Sana),3.452908,0.001740
1998,Trinidad And Tobago,3.417614,0.001722
1998,India,3.344566,0.001686
1998,United Arab Emirates,3.055958,0.001540
1998,Nicaragua,2.190999,0.001104
1998,Philippines,1.952309,0.000984
1998,Thailand,1.466281,0.000739
1998,Barbados,1.339594,0.000675
1998,Oman,1.231635,0.000621
1998,Qatar,0.870038,0.000438
1998,Other Europe,0.770987,0.000389
1998,Suriname,0.580894,0.000293
1998,New Zealand (No Islands),0.439023,0.000221
1998,North Korea,0.393682,0.000198
1998,Bangladesh,0.354314,0.000179
1998,Vietnam,0.271916,0.000137
1998,Guyana,0.265145,0.000134
1998,Bahrain,0.227351,0.000115
1998,Netherlands Antilles,0.135072,0.000068
1998,St. Vincent And The Grenadine,0.134876,0.000068
1998,Grenada,0.106294,0.000054
1998,Hong Kong,0.089878,0.000045
1998,Argentina,0.075142,0.000038
1998,United Kingdom,0.049565,0.000025
1998,Bahamas,0.047242,0.000024
1998,French Polynesia,0.031849,0.000016
1998,Singapore,0.013385,0.000007
1998,Pakistan,0.012425,0.000006
1998,Haiti,0.009921,0.000005
1998,Kuwait,0.009578,0.000005
1998,Antigua & Barbuda,0.007441,0.000004
1998,Australia,0.007401,0.000004
1998,Belize,0.005303,0.000003
1998,Bermuda,0.001299,0.000001
1998,Uruguay,0.000161,0.000000
1998,St. Lucia,0.000098,0.000000
1999,Japan,587.642718,0.303446
1999,Taiwan,198.271971,0.102383
1999,Mexico,189.134505,0.097665
1999,Egypt,129.905241,0.067080
1999,South Korea,118.939168,0.061418
1999,Colombia,70.157748,0.036228
1999,Saudi Arabia,45.814607,0.023658
1999,Venezuela,43.160122,0.022287
1999,Unidentified Country,42.795852,0.022099
1999,Algeria,41.031802,0.021188
1999,Canada,39.581839,0.020439
1999,Dominican Republic,39.502362,0.020398
1999,Turkey,34.461852,0.017795
1999,Israel,27.366683,0.014132
1999,Iran,24.063588,0.012426
1999,Syria,23.748315,0.012263
1999,Morocco,22.679047,0.011711
1999,Chile,21.387060,0.011044
1999,Sub-Saharan Africa,20.626561,0.010651
1999,Former Soviet Union-12,19.815206,0.010232
1999,Tunisia,19.103389,0.009865
1999,Peru,18.043494,0.009317
1999,Costa Rica,17.794829,0.009189
1999,Guatemala,17.288482,0.008927
1999,El Salvador,14.761621,0.007623
1999,Panama,11.622616,0.006002
1999,European Union-27,10.090708,0.005211
1999,Indonesia,8.773802,0.004531
1999,Jamaica,8.742012,0.004514
1999,Lebanon,8.712620,0.004499
1999,Philippines,8.548506,0.004414
1999,Malaysia,7.281605,0.003760
1999,United Arab Emirates,7.243674,0.003740
1999,Honduras,6.772708,0.003497
1999,Ecuador,6.596696,0.003406
1999,Trinidad And Tobago,3.721127,0.001922
1999,Yemen (Sana),3.297364,0.001703
1999,Jordan,2.908642,0.001502
1999,Nicaragua,2.752665,0.001421
1999,China,2.275377,0.001175
1999,Other Europe,1.993197,0.001029
1999,Brazil,1.706447,0.000881
1999,Barbados,1.470013,0.000759
1999,North Korea,0.984166,0.000508
1999,Bangladesh,0.977119,0.000505
1999,Oman,0.784215,0.000405
1999,Suriname,0.653985,0.000338
1999,Guyana,0.480056,0.000248
1999,Netherlands Antilles,0.194125,0.000100
1999,St. Vincent And The Grenadine,0.135033,0.000070
1999,Grenada,0.124321,0.000064
1999,Argentina,0.105897,0.000055
1999,Kuwait,0.077965,0.000040
1999,United Kingdom,0.075103,0.000039
1999,Thailand,0.072036,0.000037
1999,Haiti,0.069367,0.000036
1999,Bahamas,0.053147,0.000027
1999,Pakistan,0.045573,0.000024
1999,Australia,0.040502,0.000021
1999,French Polynesia,0.029920,0.000015
1999,Belize,0.021365,0.000011
1999,Hong Kong,0.016857,0.000009
1999,New Zealand (No Islands),0.014842,0.000008
1999,Bahrain,0.012940,0.000007
1999,India,0.005346,0.000003
1999,Singapore,0.001551,0.000001
1999,Nepal,0.000677,0.000000
1999,Uruguay,0.000173,0.000000
2000,Japan,566.798328,0.291961
2000,Mexico,234.026471,0.120549
2000,Taiwan,190.185357,0.097966
2000,Egypt,165.866770,0.085439
2000,South Korea,124.945030,0.064360
2000,Canada,107.572351,0.055411
2000,Colombia,63.612109,0.032767
2000,Venezuela,49.877746,0.025692
2000,Algeria,47.450632,0.024442
2000,Saudi Arabia,41.453148,0.021353
2000,Dominican Republic,38.418185,0.019789
2000,Israel,27.317434,0.014071
2000,Unidentified Country,23.749587,0.012234
2000,Indonesia,23.342236,0.012024
2000,Syria,23.162606,0.011931
2000,Turkey,22.406268,0.011542
2000,Morocco,20.849606,0.010740
2000,Costa Rica,20.163646,0.010386
2000,Tunisia,18.501673,0.009530
2000,Guatemala,18.246937,0.009399
2000,El Salvador,17.103641,0.008810
2000,European Union-27,10.569509,0.005444
2000,Panama,9.716368,0.005005
2000,Jamaica,8.437987,0.004346
2000,Honduras,7.976521,0.004109
2000,Lebanon,7.824473,0.004030
2000,Peru,7.286908,0.003754
2000,Ecuador,6.957506,0.003584
2000,Philippines,6.123541,0.003154
2000,Iran,5.682920,0.002927
2000,Sub-Saharan Africa,4.624325,0.002382
2000,Trinidad And Tobago,3.876014,0.001997
2000,Iraq,3.170834,0.001633
2000,Nicaragua,2.797702,0.001441
2000,Chile,1.300088,0.000670
2000,United Arab Emirates,1.205943,0.000621
2000,Barbados,1.120337,0.000577
2000,Former Soviet Union-12,1.111936,0.000573
2000,Libya,1.026093,0.000529
2000,Suriname,0.698077,0.000360
2000,Brazil,0.616428,0.000318
2000,Other Europe,0.612231,0.000315
2000,Jordan,0.583756,0.000301
2000,Malaysia,0.486792,0.000251
2000,Thailand,0.486674,0.000251
2000,Guyana,0.479505,0.000247
2000,Hong Kong,0.356625,0.000184
2000,Oman,0.216525,0.000112
2000,Netherlands Antilles,0.157918,0.000081
2000,Grenada,0.133852,0.000069
2000,St. Vincent And The Grenadine,0.088972,0.000046
2000,Pakistan,0.088153,0.000045
2000,Kuwait,0.085913,0.000044
2000,United Kingdom,0.081717,0.000042
2000,French Polynesia,0.076166,0.000039
2000,Argentina,0.068355,0.000035
2000,Haiti,0.047541,0.000024
2000,Belize,0.037876,0.000020
2000,Bahrain,0.032298,0.000017
2000,China,0.023719,0.000012
2000,Bahamas,0.008279,0.000004
2000,Antigua & Barbuda,0.005236,0.000003
2000,Myanmar (Burma),0.003543,0.000002
2000,Singapore,0.003055,0.000002
2000,New Zealand (No Islands),0.003039,0.000002
2000,India,0.002342,0.000001
2000,Australia,0.001299,0.000001
2000,Vietnam,0.000815,0.000000
2000,New Caledonia,0.000709,0.000000
2000,Uruguay,0.000173,0.000000
2000,Guadeloupe,0.000035,0.000000
2001,Japan,586.368361,0.307843
2001,Taiwan,184.255673,0.096734
2001,Mexico,177.839508,0.093366
2001,Egypt,175.909996,0.092353
2001,Canada,155.078764,0.081416
2001,Colombia,66.846086,0.035094
2001,Algeria,53.831433,0.028261
2001,South Korea,53.489638,0.028082
2001,Dominican Republic,40.567808,0.021298
2001,Israel,32.742760,0.017190
2001,Syria,30.953183,0.016250
2001,Turkey,29.435582,0.015454
2001,Saudi Arabia,29.312867,0.015389
2001,Sub-Saharan Africa,29.122805,0.015289
2001,Tunisia,28.113632,0.014760
2001,Guatemala,25.228127,0.013245
2001,Morocco,23.603570,0.012392
2001,Costa Rica,18.226631,0.009569
2001,Venezuela,18.218962,0.009565
2001,United Arab Emirates,15.446010,0.008109
2001,El Salvador,12.608393,0.006619
2001,Peru,10.293844,0.005404
2001,Jamaica,9.621195,0.005051
2001,Honduras,9.408288,0.004939
2001,Ecuador,9.220745,0.004841
2001,Panama,9.191648,0.004826
2001,Unidentified Country,9.137364,0.004797
2001,Philippines,8.672224,0.004553
2001,Cuba,8.451018,0.004437
2001,European Union-27,8.239949,0.004326
2001,Lebanon,7.950294,0.004174
2001,Trinidad And Tobago,4.027924,0.002115
2001,Former Soviet Union-12,3.405347,0.001788
2001,Indonesia,2.941341,0.001544
2001,Iran,2.480158,0.001302
2001,Nicaragua,2.188495,0.001149
2001,Jordan,1.536227,0.000807
2001,Chile,1.355873,0.000712
2001,Yemen (Sana),1.321158,0.000694
2001,Barbados,1.255708,0.000659
2001,Kuwait,1.182495,0.000621
2001,Malaysia,0.985292,0.000517
2001,China,0.781518,0.000410
2001,Suriname,0.650320,0.000341
2001,Oman,0.606704,0.000319
2001,Other Europe,0.515633,0.000271
2001,Guyana,0.390730,0.000205
2001,Hong Kong,0.388147,0.000204
2001,Laos,0.333016,0.000175
2001,Netherlands Antilles,0.220990,0.000116
2001,French Polynesia,0.215978,0.000113
2001,Bahrain,0.197723,0.000104
2001,Grenada,0.137789,0.000072
2001,St. Vincent And The Grenadine,0.086610,0.000045
2001,Pakistan,0.049403,0.000026
2001,Argentina,0.035735,0.000019
2001,United Kingdom,0.033672,0.000018
2001,Bolivia,0.016220,0.000009
2001,Haiti,0.013027,0.000007
2001,Belize,0.008074,0.000004
2001,Bahamas,0.004433,0.000002
2001,New Zealand (No Islands),0.003870,0.000002
2001,Singapore,0.003016,0.000002
2001,New Caledonia,0.002992,0.000002
2001,Brazil,0.001929,0.000001
2001,Australia,0.001252,0.000001
2001,St. Lucia,0.000776,0.000000
2001,Cayman Islands,0.000059,0.000000
2001,Thailand,0.000008,0.000000
2002,Japan,566.250713,0.356607
2002,Mexico,208.192550,0.131113
2002,Taiwan,159.559438,0.100485
2002,Canada,155.344322,0.097831
2002,Egypt,105.740437,0.066592
2002,Colombia,62.941404,0.039638
2002,Turkey,38.628490,0.024327
2002,Dominican Republic,36.900154,0.023239
2002,Algeria,35.339236,0.022256
2002,Venezuela,23.968017,0.015094
2002,Costa Rica,20.841019,0.013125
2002,Syria,20.370652,0.012829
2002,Guatemala,16.445357,0.010357
2002,Sub-Saharan Africa,14.010858,0.008824
2002,El Salvador,13.357491,0.008412
2002,Panama,10.920275,0.006877
2002,South Korea,10.728328,0.006756
2002,Israel,10.547545,0.006643
2002,Cuba,9.058155,0.005705
2002,Jamaica,8.534514,0.005375
2002,Unidentified Country,7.989347,0.005031
2002,Ecuador,7.145214,0.004500
2002,Honduras,7.019483,0.004421
2002,Saudi Arabia,5.165874,0.003253
2002,Tunisia,4.826307,0.003039
2002,Trinidad And Tobago,4.488284,0.002827
2002,Lebanon,4.017397,0.002530
2002,Morocco,3.065564,0.001931
2002,Nicaragua,2.589130,0.001631
2002,European Union-27,2.555808,0.001610
2002,Australia,1.908481,0.001202
2002,Peru,1.664764,0.001048
2002,Brazil,1.536581,0.000968
2002,Barbados,1.301246,0.000819
2002,Jordan,1.087468,0.000685
2002,Suriname,0.721356,0.000454
2002,Other Europe,0.576500,0.000363
2002,Philippines,0.434727,0.000274
2002,Malaysia,0.404788,0.000255
2002,Greenland,0.321245,0.000202
2002,Guyana,0.232091,0.000146
2002,French Polynesia,0.209431,0.000132
2002,Netherlands Antilles,0.196817,0.000124
2002,Grenada,0.176212,0.000111
2002,St. Vincent And The Grenadine,0.143694,0.000090
2002,United Kingdom,0.123116,0.000078
2002,Laos,0.098263,0.000062
2002,Pakistan,0.080122,0.000050
2002,Chile,0.027310,0.000017
2002,Argentina,0.015720,0.000010
2002,Thailand,0.013499,0.000009
2002,Kuwait,0.011413,0.000007
2002,Bahamas,0.010929,0.000007
2002,China,0.010818,0.000007
2002,Belize,0.010433,0.000007
2002,Hong Kong,0.009811,0.000006
2002,Bahrain,0.006145,0.000004
2002,New Zealand (No Islands),0.003063,0.000002
2002,Former Soviet Union-12,0.003004,0.000002
2002,United Arab Emirates,0.001673,0.000001
2002,Indonesia,0.001630,0.000001
2002,Singapore,0.001590,0.000001
2002,Qatar,0.000933,0.000001
2002,Tokelau Islands,0.000012,0.000000
2002,Aruba,0.000008,0.000000
2003,Japan,575.217710,0.302776
2003,Mexico,223.711163,0.117754
2003,Taiwan,186.691286,0.098268
2003,South Korea,144.089382,0.075844
2003,Egypt,125.917398,0.066279
2003,Canada,79.863916,0.042038
2003,Colombia,70.146733,0.036923
2003,Algeria,49.981221,0.026308
2003,Israel,46.312576,0.024377
2003,Dominican Republic,31.856204,0.016768
2003,Syria,30.832008,0.016229
2003,Morocco,28.059974,0.014770
2003,Turkey,25.775904,0.013568
2003,Venezuela,25.699518,0.013527
2003,Tunisia,24.338693,0.012811
2003,Costa Rica,22.248953,0.011711
2003,Guatemala,21.172334,0.011144
2003,El Salvador,19.010610,0.010007
2003,Saudi Arabia,18.996205,0.009999
2003,Cuba,18.632860,0.009808
2003,Ecuador,15.120742,0.007959
2003,Panama,10.980761,0.005780
2003,Sub-Saharan Africa,10.371538,0.005459
2003,Lebanon,10.208179,0.005373
2003,Jamaica,9.731056,0.005122
2003,Honduras,8.996445,0.004735
2003,Indonesia,8.814950,0.004640
2003,Jordan,7.469883,0.003932
2003,Malaysia,7.422354,0.003907
2003,Unidentified Country,6.477962,0.003410
2003,Peru,5.816213,0.003061
2003,European Union-27,5.746240,0.003025
2003,Trinidad And Tobago,3.735001,0.001966
2003,Former Soviet Union-12,3.004102,0.001581
2003,Nicaragua,2.966903,0.001562
2003,Iran,2.522519,0.001328
2003,Libya,1.910225,0.001005
2003,North Korea,1.495992,0.000787
2003,Barbados,1.387895,0.000731
2003,United Kingdom,1.047159,0.000551
2003,Hong Kong,1.015275,0.000534
2003,Oman,0.872400,0.000459
2003,Yemen (Sana),0.799135,0.000421
2003,Chile,0.769885,0.000405
2003,Other Europe,0.713931,0.000376
2003,Suriname,0.652926,0.000344
2003,Bahrain,0.239800,0.000126
2003,French Polynesia,0.230017,0.000121
2003,St. Vincent And The Grenadine,0.190070,0.000100
2003,New Zealand (No Islands),0.110137,0.000058
2003,Pakistan,0.108176,0.000057
2003,Grenada,0.099208,0.000052
2003,Nepal,0.049446,0.000026
2003,Philippines,0.046801,0.000025
2003,China,0.042856,0.000023
2003,Argentina,0.030502,0.000016
2003,United Arab Emirates,0.015712,0.000008
2003,Thailand,0.014641,0.000008
2003,Guadeloupe,0.006732,0.000004
2003,Australia,0.006626,0.000003
2003,Belize,0.005819,0.000003
2003,Kuwait,0.004645,0.000002
2003,Tokelau Islands,0.002937,0.000002
2003,Brazil,0.002909,0.000002
2003,Bahamas,0.002287,0.000001
2003,Netherlands Antilles,0.000992,0.000001
2003,Qatar,0.000807,0.000000
2003,Singapore,0.000437,0.000000
2004,Japan,610.636222,0.335873
2004,Mexico,231.700715,0.127444
2004,Taiwan,170.806482,0.093950
2004,Egypt,151.713919,0.083448
2004,Canada,93.494914,0.051426
2004,South Korea,82.768176,0.045526
2004,Colombia,80.479115,0.044267
2004,Syria,50.841456,0.027965
2004,Algeria,42.229855,0.023228
2004,Dominican Republic,38.932653,0.021414
2004,Morocco,32.480670,0.017866
2004,Guatemala,25.817080,0.014200
2004,Costa Rica,21.544840,0.011850
2004,El Salvador,20.113959,0.011063
2004,Cuba,17.701093,0.009736
2004,Israel,16.638226,0.009152
2004,Honduras,12.681995,0.006976
2004,Ecuador,12.655898,0.006961
2004,Jordan,11.768542,0.006473
2004,Panama,11.718057,0.006445
2004,Lebanon,10.203782,0.005612
2004,Peru,9.149646,0.005033
2004,Jamaica,8.486615,0.004668
2004,Tunisia,8.234296,0.004529
2004,Venezuela,7.190341,0.003955
2004,Sub-Saharan Africa,5.747736,0.003161
2004,Saudi Arabia,5.410685,0.002976
2004,Unidentified Country,5.346913,0.002941
2004,Trinidad And Tobago,4.551690,0.002504
2004,Nicaragua,3.286297,0.001808
2004,Philippines,2.320213,0.001276
2004,European Union-27,2.239693,0.001232
2004,Hong Kong,1.897025,0.001043
2004,Indonesia,1.690251,0.000930
2004,Barbados,1.371329,0.000754
2004,Suriname,0.719537,0.000396
2004,Former Soviet Union-12,0.666606,0.000367
2004,United Arab Emirates,0.497421,0.000274
2004,North Korea,0.472379,0.000260
2004,French Polynesia,0.414563,0.000228
2004,Turkey,0.389108,0.000214
2004,St. Vincent And The Grenadine,0.192904,0.000106
2004,Malaysia,0.174535,0.000096
2004,Pakistan,0.126100,0.000069
2004,Grenada,0.107239,0.000059
2004,Guyana,0.100113,0.000055
2004,China,0.070276,0.000039
2004,Argentina,0.060103,0.000033
2004,Kuwait,0.050919,0.000028
2004,Bahrain,0.035983,0.000020
2004,Qatar,0.029802,0.000016
2004,Australia,0.019645,0.000011
2004,Chile,0.019605,0.000011
2004,Other Europe,0.015503,0.000009
2004,United Kingdom,0.014184,0.000008
2004,Brazil,0.006153,0.000003
2004,Belize,0.005484,0.000003
2004,India,0.003626,0.000002
2004,Singapore,0.003535,0.000002
2004,Bolivia,0.002586,0.000001
2004,Uruguay,0.001787,0.000001
2004,Vietnam,0.001193,0.000001
2004,New Zealand (No Islands),0.001185,0.000001
2004,Netherlands Antilles,0.000744,0.000000
2004,Thailand,0.000567,0.000000
2004,Bahamas,0.000488,0.000000
2004,Haiti,0.000150,0.000000
2004,St. Lucia,0.000051,0.000000
2004,Tokelau Islands,0.000028,0.000000
2005,Japan,627.923000,0.294273
2005,Mexico,249.434814,0.116896
2005,South Korea,219.949896,0.103078
2005,Taiwan,183.152276,0.085833
2005,Egypt,159.251768,0.074633
2005,Colombia,106.459833,0.049892
2005,Canada,74.087992,0.034721
2005,Algeria,48.609042,0.022780
2005,Morocco,43.052612,0.020176
2005,Dominican Republic,40.729981,0.019088
2005,Indonesia,37.995528,0.017806
2005,Syria,32.654796,0.015304
2005,Guatemala,28.270633,0.013249
2005,Costa Rica,26.853255,0.012585
2005,Israel,24.409000,0.011439
2005,Saudi Arabia,22.202309,0.010405
2005,El Salvador,19.645407,0.009207
2005,Cuba,16.602405,0.007781
2005,Peru,16.570674,0.007766
2005,Tunisia,15.515802,0.007271
2005,Honduras,13.892304,0.006511
2005,Ecuador,13.336496,0.006250
2005,Panama,13.085425,0.006132
2005,Jordan,12.553344,0.005883
2005,Chile,11.776991,0.005519
2005,Jamaica,11.342818,0.005316
2005,Sub-Saharan Africa,9.520558,0.004462
2005,Lebanon,7.081555,0.003319
2005,Venezuela,6.835413,0.003203
2005,Unidentified Country,5.715950,0.002679
2005,Libya,4.979647,0.002334
2005,Nicaragua,4.578130,0.002146
2005,Trinidad And Tobago,3.785553,0.001774
2005,Hong Kong,3.718131,0.001742
2005,Philippines,2.400454,0.001125
2005,United Arab Emirates,2.387486,0.001119
2005,China,2.153442,0.001009
2005,Turkey,1.474627,0.000691
2005,Barbados,1.304497,0.000611
2005,Oman,1.130695,0.000530
2005,Australia,0.840854,0.000394
2005,Iraq,0.836575,0.000392
2005,European Union-27,0.802450,0.000376
2005,Suriname,0.757921,0.000355
2005,Malaysia,0.692530,0.000325
2005,Vietnam,0.677645,0.000318
2005,Guyana,0.650953,0.000305
2005,Former Soviet Union-12,0.572138,0.000268
2005,French Polynesia,0.419783,0.000197
2005,Grenada,0.331087,0.000155
2005,St. Vincent And The Grenadine,0.187826,0.000088
2005,Martinique,0.171031,0.000080
2005,Pakistan,0.159618,0.000075
2005,India,0.087083,0.000041
2005,Singapore,0.080063,0.000038
2005,United Kingdom,0.024814,0.000012
2005,Argentina,0.024806,0.000012
2005,Other Europe,0.015484,0.000007
2005,Kuwait,0.012440,0.000006
2005,Nepal,0.008259,0.000004
2005,Belize,0.008252,0.000004
2005,Brazil,0.006795,0.000003
2005,Bahamas,0.006208,0.000003
2005,Bahrain,0.003228,0.000002
2005,Aruba,0.001720,0.000001
2005,Netherlands Antilles,0.001441,0.000001
2005,Guadeloupe,0.001295,0.000001
2005,New Zealand (No Islands),0.001276,0.000001
2005,Haiti,0.000866,0.000000
2005,Thailand,0.000795,0.000000
2006,Japan,594.807856,0.279861
2006,Mexico,345.175464,0.162407
2006,Taiwan,170.425559,0.080186
2006,South Korea,159.155127,0.074884
2006,Egypt,132.934550,0.062547
2006,Colombia,127.843393,0.060151
2006,Canada,80.696101,0.037968
2006,Syria,57.894037,0.027240
2006,Dominican Republic,47.328488,0.022268
2006,Algeria,33.632191,0.015824
2006,Israel,31.496693,0.014819
2006,Guatemala,29.415193,0.013840
2006,Morocco,27.533620,0.012955
2006,Costa Rica,24.477493,0.011517
2006,El Salvador,21.195818,0.009973
2006,Cuba,21.176952,0.009964
2006,Venezuela,20.283502,0.009544
2006,Tunisia,18.057257,0.008496
2006,Saudi Arabia,16.462486,0.007746
2006,Ecuador,16.454620,0.007742
2006,Honduras,14.592606,0.006866
2006,Panama,13.833126,0.006509
2006,Turkey,13.771751,0.006480
2006,Jordan,12.594720,0.005926
2006,Chile,11.728753,0.005518
2006,Peru,10.806104,0.005084
2006,Jamaica,10.032018,0.004720
2006,Unidentified Country,10.018975,0.004714
2006,Libya,8.814662,0.004147
2006,Lebanon,8.580185,0.004037
2006,Malaysia,7.299695,0.003435
2006,Nicaragua,5.018346,0.002361
2006,Trinidad And Tobago,4.393202,0.002067
2006,Indonesia,4.143773,0.001950
2006,Hong Kong,2.526652,0.001189
2006,China,1.914201,0.000901
2006,European Union-27,1.787801,0.000841
2006,Barbados,1.424795,0.000670
2006,Oman,1.321493,0.000622
2006,United Arab Emirates,0.892241,0.000420
2006,Guyana,0.660638,0.000311
2006,Sub-Saharan Africa,0.521267,0.000245
2006,Suriname,0.465057,0.000219
2006,Vietnam,0.412382,0.000194
2006,Grenada,0.370809,0.000174
2006,French Polynesia,0.257980,0.000121
2006,St. Vincent And The Grenadine,0.193534,0.000091
2006,Belize,0.179330,0.000084
2006,Pakistan,0.137490,0.000065
2006,Former Soviet Union-12,0.095062,0.000045
2006,Singapore,0.033187,0.000016
2006,Argentina,0.029188,0.000014
2006,Philippines,0.022105,0.000010
2006,Bahamas,0.013669,0.000006
2006,Brazil,0.009090,0.000004
2006,United Kingdom,0.008885,0.000004
2006,Australia,0.007011,0.000003
2006,Kuwait,0.004449,0.000002
2006,Netherlands Antilles,0.002401,0.000001
2006,Aruba,0.000890,0.000000
2006,Other Europe,0.000476,0.000000
2006,Bahrain,0.000449,0.000000
2006,India,0.000390,0.000000
2006,Bangladesh,0.000240,0.000000
2006,New Zealand (No Islands),0.000232,0.000000
2006,Iran,0.000039,0.000000
2007,Japan,578.275578,0.237251
2007,Mexico,386.501736,0.158571
2007,South Korea,336.840795,0.138197
2007,Taiwan,151.315351,0.062081
2007,Canada,123.623553,0.050719
2007,Egypt,122.990020,0.050460
2007,Colombia,115.931330,0.047564
2007,Israel,52.420681,0.021507
2007,Syria,51.371077,0.021076
2007,Dominican Republic,42.943908,0.017619
2007,Saudi Arabia,41.436759,0.017000
2007,Algeria,39.594468,0.016245
2007,Venezuela,38.355916,0.015736
2007,Morocco,35.435452,0.014538
2007,Cuba,31.869794,0.013075
2007,Costa Rica,26.919212,0.011044
2007,Guatemala,24.793659,0.010172
2007,Tunisia,20.679377,0.008484
2007,El Salvador,19.410839,0.007964
2007,Ecuador,18.773164,0.007702
2007,Iran,18.239099,0.007483
2007,Turkey,17.258464,0.007081
2007,Chile,15.992284,0.006561
2007,Peru,15.686885,0.006436
2007,Panama,15.217667,0.006243
2007,Honduras,12.735922,0.005225
2007,Jamaica,9.771310,0.004009
2007,Libya,9.584193,0.003932
2007,Lebanon,8.362951,0.003431
2007,Unidentified Country,7.082894,0.002906
2007,Malaysia,6.159937,0.002527
2007,Jordan,5.790947,0.002376
2007,European Union-27,5.601350,0.002298
2007,Nicaragua,5.031672,0.002064
2007,Trinidad And Tobago,4.524093,0.001856
2007,North Korea,3.177251,0.001304
2007,United Arab Emirates,2.011204,0.000825
2007,Yemen (Sana),1.750193,0.000718
2007,Sub-Saharan Africa,1.688467,0.000693
2007,Vietnam,1.687086,0.000692
2007,Indonesia,1.677133,0.000688
2007,Former Soviet Union-12,1.561714,0.000641
2007,Barbados,1.370754,0.000562
2007,Guyana,1.080854,0.000443
2007,Hong Kong,1.077520,0.000442
2007,Australia,0.895977,0.000368
2007,Oman,0.867526,0.000356
2007,Other Europe,0.377199,0.000155
2007,China,0.367739,0.000151
2007,Suriname,0.308430,0.000127
2007,French Polynesia,0.184637,0.000076
2007,St. Vincent And The Grenadine,0.177433,0.000073
2007,Pakistan,0.125715,0.000052
2007,Grenada,0.112199,0.000046
2007,Dominica,0.086610,0.000036
2007,Argentina,0.080028,0.000033
2007,Philippines,0.053517,0.000022
2007,Haiti,0.043581,0.000018
2007,Thailand,0.031967,0.000013
2007,Singapore,0.015826,0.000006
2007,Bahamas,0.015066,0.000006
2007,Fiji,0.011377,0.000005
2007,Belize,0.009515,0.000004
2007,United Kingdom,0.009492,0.000004
2007,Kuwait,0.008295,0.000003
2007,Brazil,0.007267,0.000003
2007,Aruba,0.001598,0.000001
2007,Antigua & Barbuda,0.001063,0.000000
2007,Qatar,0.000858,0.000000
2007,Guadeloupe,0.000720,0.000000
2007,St. Lucia,0.000630,0.000000
2007,Netherlands Antilles,0.000551,0.000000
2007,New Zealand (No Islands),0.000547,0.000000
2007,Bangladesh,0.000185,0.000000
2007,India,0.000020,0.000000
2007,Bermuda,0.000004,0.000000
2008,Japan,610.957593,0.330436
2008,Mexico,308.690377,0.166955
2008,South Korea,204.550131,0.110631
2008,Taiwan,142.085331,0.076847
2008,Egypt,91.832083,0.049667
2008,Canada,72.510562,0.039217
2008,Colombia,55.970682,0.030272
2008,Venezuela,47.402796,0.025638
2008,Dominican Republic,38.688495,0.020925
2008,Cuba,26.917232,0.014558
2008,Guatemala,25.171941,0.013614
2008,Costa Rica,22.537101,0.012189
2008,Syria,20.160111,0.010904
2008,Saudi Arabia,19.846877,0.010734
2008,Morocco,18.250555,0.009871
2008,Honduras,14.512165,0.007849
2008,El Salvador,13.833083,0.007482
2008,Panama,13.603275,0.007357
2008,Peru,12.985883,0.007023
2008,Jamaica,9.301226,0.005031
2008,Sub-Saharan Africa,9.177275,0.004964
2008,Ecuador,8.552923,0.004626
2008,Israel,6.757181,0.003655
2008,Jordan,5.480509,0.002964
2008,Lebanon,4.690093,0.002537
2008,Algeria,4.085043,0.002209
2008,Trinidad And Tobago,3.650544,0.001974
2008,Nicaragua,3.569871,0.001931
2008,China,3.535361,0.001912
2008,Malaysia,3.474903,0.001879
2008,United Arab Emirates,3.424720,0.001852
2008,Tunisia,3.000961,0.001623
2008,Iran,2.531062,0.001369
2008,Chile,2.460793,0.001331
2008,Vietnam,1.894029,0.001024
2008,European Union-27,1.641419,0.000888
2008,North Korea,1.614097,0.000873
2008,Barbados,1.157221,0.000626
2008,Turkey,1.151060,0.000623
2008,Hong Kong,1.108648,0.000600
2008,Libya,1.066328,0.000577
2008,Guyana,0.989205,0.000535
2008,Indonesia,0.829921,0.000449
2008,Philippines,0.721316,0.000390
2008,Grenada,0.546199,0.000295
2008,Suriname,0.429830,0.000232
2008,Bahrain,0.335417,0.000181
2008,Pakistan,0.281758,0.000152
2008,Unidentified Country,0.218218,0.000118
2008,French Polynesia,0.184479,0.000100
2008,St. Vincent And The Grenadine,0.141726,0.000077
2008,Thailand,0.089405,0.000048
2008,Oman,0.078736,0.000043
2008,Argentina,0.057155,0.000031
2008,Singapore,0.040746,0.000022
2008,Former Soviet Union-12,0.032219,0.000017
2008,India,0.025668,0.000014
2008,Brazil,0.023841,0.000013
2008,United Kingdom,0.019058,0.000010
2008,Bahamas,0.011417,0.000006
2008,Belize,0.010618,0.000006
2008,Netherlands Antilles,0.009724,0.000005
2008,Other Europe,0.008775,0.000005
2008,Australia,0.007913,0.000004
2008,Martinique,0.006771,0.000004
2008,Haiti,0.005811,0.000003
2008,Kuwait,0.003413,0.000002
2008,Aruba,0.001842,0.000001
2008,New Zealand (No Islands),0.001811,0.000001
2008,Bermuda,0.000984,0.000001
2008,Bolivia,0.000193,0.000000
2008,Cayman Islands,0.000079,0.000000
2009,Japan,595.563214,0.300938
2009,Mexico,324.898942,0.164171
2009,South Korea,278.555919,0.140754
2009,Taiwan,125.221009,0.063274
2009,Egypt,109.202116,0.055180
2009,Canada,82.589637,0.041732
2009,China,47.209955,0.023855
2009,Venezuela,43.544809,0.022003
2009,Colombia,40.110955,0.020268
2009,Dominican Republic,36.606538,0.018497
2009,Peru,34.837397,0.017603
2009,Syria,32.063702,0.016202
2009,Saudi Arabia,29.713947,0.015014
2009,Guatemala,26.032105,0.013154
2009,Cuba,22.948995,0.011596
2009,Costa Rica,22.788660,0.011515
2009,Morocco,17.976434,0.009083
2009,El Salvador,17.352298,0.008768
2009,Honduras,13.660166,0.006902
2009,Panama,12.872026,0.006504
2009,Jamaica,9.217911,0.004658
2009,Tunisia,7.038604,0.003557
2009,Israel,6.984351,0.003529
2009,Ecuador,6.612719,0.003341
2009,Lebanon,4.718950,0.002384
2009,Nicaragua,4.579508,0.002314
2009,Trinidad And Tobago,3.955262,0.001999
2009,Algeria,3.579083,0.001809
2009,Jordan,3.399942,0.001718
2009,European Union-27,2.729623,0.001379
2009,Libya,1.706770,0.000862
2009,Barbados,1.510834,0.000763
2009,Guyana,1.460758,0.000738
2009,United Arab Emirates,1.196046,0.000604
2009,Chile,1.113270,0.000563
2009,Vietnam,1.105310,0.000559
2009,Hong Kong,1.105078,0.000558
2009,Indonesia,0.529660,0.000268
2009,Sub-Saharan Africa,0.489237,0.000247
2009,Malaysia,0.446317,0.000226
2009,Suriname,0.405851,0.000205
2009,Unidentified Country,0.393997,0.000199
2009,St. Vincent And The Grenadine,0.174677,0.000088
2009,French Polynesia,0.167630,0.000085
2009,Grenada,0.155504,0.000079
2009,Pakistan,0.152615,0.000077
2009,Oman,0.078776,0.000040
2009,Other Europe,0.067135,0.000034
2009,Philippines,0.044061,0.000022
2009,Argentina,0.038230,0.000019
2009,Bahamas,0.032896,0.000017
2009,Turkey,0.023271,0.000012
2009,United Kingdom,0.018566,0.000009
2009,Brazil,0.011582,0.000006
2009,Belize,0.008657,0.000004
2009,Former Soviet Union-12,0.005905,0.000003
2009,Australia,0.002874,0.000001
2009,Kuwait,0.002220,0.000001
2009,Thailand,0.002169,0.000001
2009,Netherlands Antilles,0.002024,0.000001
2009,Haiti,0.002016,0.000001
2009,Bahrain,0.001929,0.000001
2009,India,0.001417,0.000001
2009,Bangladesh,0.000657,0.000000
2009,New Zealand (No Islands),0.000587,0.000000
2009,Aruba,0.000433,0.000000
2009,St. Kitts-Nevis,0.000315,0.000000
2009,North Korea,0.000252,0.000000
2009,St. Lucia,0.000157,0.000000
2009,Cayman Islands,0.000118,0.000000
2009,Bolivia,0.000079,0.000000
2010,Japan,547.770003,0.299177
2010,Mexico,294.581319,0.160892
2010,South Korea,241.044742,0.131652
2010,Egypt,134.065859,0.073223
2010,Taiwan,107.755685,0.058853
2010,European Union-27,39.267066,0.021447
2010,China,38.573611,0.021068
2010,Syria,37.800261,0.020645
2010,Canada,37.712364,0.020597
2010,Venezuela,33.687109,0.018399
2010,Israel,31.663878,0.017294
2010,Dominican Republic,29.745843,0.016246
2010,Costa Rica,28.028668,0.015308
2010,Guatemala,27.063269,0.014781
2010,Saudi Arabia,22.662083,0.012377
2010,Indonesia,21.571591,0.011782
2010,Colombia,19.906008,0.010872
2010,El Salvador,19.318304,0.010551
2010,Cuba,17.874156,0.009762
2010,Honduras,17.448416,0.009530
2010,Jamaica,11.124837,0.006076
2010,Panama,10.368853,0.005663
2010,Lebanon,9.796073,0.005350
2010,Ecuador,8.430665,0.004605
2010,Morocco,7.182574,0.003923
2010,Tunisia,6.328677,0.003457
2010,Nicaragua,6.148702,0.003358
2010,Trinidad And Tobago,3.342917,0.001826
2010,Malaysia,3.065091,0.001674
2010,Jordan,2.794120,0.001526
2010,Iran,2.656213,0.001451
2010,Peru,2.614054,0.001428
2010,Libya,1.968332,0.001075
2010,Guyana,1.473182,0.000805
2010,Hong Kong,0.977552,0.000534
2010,Barbados,0.926964,0.000506
2010,United Arab Emirates,0.803092,0.000439
2010,Grenada,0.643710,0.000352
2010,Vietnam,0.493559,0.000270
2010,Turkey,0.403272,0.000220
2010,British Virgin Islands,0.379903,0.000207
2010,Suriname,0.362566,0.000198
2010,Sub-Saharan Africa,0.306769,0.000168
2010,St. Vincent And The Grenadine,0.142355,0.000078
2010,French Polynesia,0.142237,0.000078
2010,Pakistan,0.105164,0.000057
2010,Other Europe,0.103460,0.000057
2010,Philippines,0.060100,0.000033
2010,Former Soviet Union-12,0.042884,0.000023
2010,United Kingdom,0.038699,0.000021
2010,Argentina,0.037486,0.000020
2010,Martinique,0.037400,0.000020
2010,Chile,0.024770,0.000014
2010,Bahamas,0.019023,0.000010
2010,Belize,0.012051,0.000007
2010,Brazil,0.011074,0.000006
2010,Haiti,0.003090,0.000002
2010,Thailand,0.002874,0.000002
2010,St. Lucia,0.002835,0.000002
2010,Kuwait,0.002165,0.000001
2010,Antigua & Barbuda,0.001106,0.000001
2010,Bahrain,0.000961,0.000001
2010,Aruba,0.000787,0.000000
2010,Singapore,0.000472,0.000000
2010,Curacao,0.000177,0.000000
2010,New Zealand (No Islands),0.000169,0.000000
2010,Afghanistan,0.000118,0.000000
2010,India,0.000043,0.000000
2010,Cayman Islands,0.000024,0.000000
2011,Japan,453.434456,0.294600
2011,Mexico,397.485611,0.258249
2011,China,202.599365,0.131630
2011,South Korea,140.306056,0.091158
2011,Taiwan,61.126230,0.039714
2011,Venezuela,52.603806,0.034177
2011,Canada,34.235091,0.022243
2011,Guatemala,23.264287,0.015115
2011,Costa Rica,22.660024,0.014722
2011,Egypt,19.471210,0.012651
2011,Cuba,18.690810,0.012144
2011,El Salvador,14.992961,0.009741
2011,Dominican Republic,14.307651,0.009296
2011,Saudi Arabia,14.241024,0.009252
2011,Honduras,14.128659,0.009179
2011,Colombia,10.782085,0.007005
2011,Jamaica,9.961053,0.006472
2011,Panama,8.221584,0.005342
2011,Nicaragua,4.889206,0.003177
2011,Trinidad And Tobago,3.332480,0.002165
2011,Morocco,2.328209,0.001513
2011,Israel,2.230654,0.001449
2011,Indonesia,1.661929,0.001080
2011,Guyana,1.599058,0.001039
2011,Barbados,1.400942,0.000910
2011,Malaysia,1.260098,0.000819
2011,Ecuador,1.176086,0.000764
2011,Hong Kong,0.920429,0.000598
2011,Jordan,0.783152,0.000509
2011,Philippines,0.684180,0.000445
2011,Dominica,0.663158,0.000431
2011,Other Europe,0.636549,0.000414
2011,British Virgin Islands,0.495921,0.000322
2011,Suriname,0.494307,0.000321
2011,United Arab Emirates,0.446125,0.000290
2011,European Union-27,0.311812,0.000203
2011,Sub-Saharan Africa,0.193593,0.000126
2011,Pakistan,0.184180,0.000120
2011,Haiti,0.177027,0.000115
2011,St. Vincent And The Grenadine,0.151331,0.000098
2011,French Polynesia,0.124994,0.000081
2011,Grenada,0.088578,0.000058
2011,Vietnam,0.085193,0.000055
2011,Chile,0.078524,0.000051
2011,Oman,0.065233,0.000042
2011,Argentina,0.039313,0.000026
2011,Turkey,0.039297,0.000026
2011,United Kingdom,0.031215,0.000020
2011,Kuwait,0.015263,0.000010
2011,Belize,0.013625,0.000009
2011,Brazil,0.007259,0.000005
2011,Bahamas,0.006323,0.000004
2011,Former Soviet Union-12,0.004917,0.000003
2011,Bahrain,0.004882,0.000003
2011,Syria,0.004488,0.000003
2011,Sint Maarten,0.003622,0.000002
2011,Peru,0.003464,0.000002
2011,Thailand,0.003110,0.000002
2011,Curacao,0.000945,0.000001
2011,Australia,0.000748,0.000000
2011,Guadeloupe,0.000720,0.000000
2011,Uruguay,0.000472,0.000000
2011,St. Kitts-Nevis,0.000197,0.000000
2011,Singapore,0.000181,0.000000
2011,Lebanon,0.000118,0.000000
2011,Bangladesh,0.000106,0.000000
2011,New Zealand (No Islands),0.000106,0.000000
2011,Libya,0.000039,0.000000
2012,Japan,270.277408,0.370199
2012,Mexico,180.346263,0.247020
2012,China,94.090948,0.128876
2012,Venezuela,42.128490,0.057703
2012,Taiwan,20.874329,0.028592
2012,Canada,18.442369,0.025260
2012,South Korea,17.743205,0.024303
2012,Saudi Arabia,13.607948,0.018639
2012,Cuba,10.787049,0.014775
2012,Jamaica,9.584339,0.013128
2012,Guatemala,8.652040,0.011851
2012,Honduras,8.115254,0.011115
2012,Colombia,6.109814,0.008369
2012,El Salvador,5.607007,0.007680
2012,Panama,5.111160,0.007001
2012,Costa Rica,4.814147,0.006594
2012,Trinidad And Tobago,3.176681,0.004351
2012,Dominican Republic,2.305513,0.003158
2012,Nicaragua,1.515369,0.002076
2012,Sub-Saharan Africa,1.160130,0.001589
2012,Barbados,0.948660,0.001299
2012,Guyana,0.798624,0.001094
2012,European Union-27,0.744516,0.001020
2012,Hong Kong,0.585067,0.000801
2012,Other Europe,0.346173,0.000474
2012,Philippines,0.329839,0.000452
2012,Grenada,0.316757,0.000434
2012,Haiti,0.295262,0.000404
2012,Pakistan,0.286388,0.000392
2012,St. Vincent And The Grenadine,0.268294,0.000367
2012,Suriname,0.157552,0.000216
2012,Malaysia,0.123045,0.000169
2012,French Polynesia,0.076138,0.000104
2012,Oman,0.058226,0.000080
2012,Chile,0.048529,0.000066
2012,Argentina,0.042592,0.000058
2012,United Kingdom,0.029223,0.000040
2012,Vietnam,0.020971,0.000029
2012,United Arab Emirates,0.018164,0.000025
2012,Israel,0.016519,0.000023
2012,Australia,0.013346,0.000018
2012,Belize,0.012228,0.000017
2012,Egypt,0.009480,0.000013
2012,Jordan,0.009326,0.000013
2012,Singapore,0.009212,0.000013
2012,Turkey,0.008720,0.000012
2012,Thailand,0.008563,0.000012
2012,Macao (Macau),0.008110,0.000011
2012,Peru,0.007846,0.000011
2012,Brazil,0.006834,0.000009
2012,Kuwait,0.006102,0.000008
2012,Bahamas,0.005787,0.000008
2012,Ecuador,0.004212,0.000006
2012,Curacao,0.004016,0.000006
2012,Morocco,0.002716,0.000004
2012,Lebanon,0.002220,0.000003
2012,Sint Maarten,0.002055,0.000003
2012,Sri Lanka,0.001520,0.000002
2012,Guadeloupe,0.001437,0.000002
2012,Dominica,0.000787,0.000001
2012,Former Soviet Union-12,0.000634,0.000001
2012,Qatar,0.000547,0.000001
2012,Aruba,0.000421,0.000001
2012,Cayman Islands,0.000295,0.000000
2012,Bangladesh,0.000272,0.000000
2012,Bahrain,0.000264,0.000000
2012,New Zealand (No Islands),0.000244,0.000000
2012,Iraq,0.000236,0.000000
2012,India,0.000091,0.000000
2013,Japan,470.027491,0.244706
2013,Mexico,412.972604,0.215002
2013,South Korea,195.324874,0.101690
2013,Colombia,140.233406,0.073009
2013,China,107.550104,0.055993
2013,Egypt,106.680818,0.055540
2013,Taiwan,70.119353,0.036506
2013,Peru,49.069052,0.025546
2013,European Union-27,46.518889,0.024219
2013,Venezuela,44.406949,0.023119
2013,Saudi Arabia,40.601216,0.021138
2013,Guatemala,29.621565,0.015422
2013,Dominican Republic,23.445735,0.012206
2013,Costa Rica,23.338145,0.012150
2013,Vietnam,20.042348,0.010434
2013,Canada,18.858684,0.009818
2013,Israel,18.451994,0.009607
2013,El Salvador,16.100865,0.008382
2013,Honduras,14.770204,0.007690
2013,Panama,13.121187,0.006831
2013,Jamaica,11.130017,0.005795
2013,Morocco,7.954101,0.004141
2013,Cuba,5.403131,0.002813
2013,Nicaragua,4.771019,0.002484
2013,Indonesia,4.567776,0.002378
2013,Trinidad And Tobago,3.404241,0.001772
2013,Algeria,2.992811,0.001558
2013,Lebanon,2.613837,0.001361
2013,Tunisia,2.328984,0.001213
2013,Philippines,2.223033,0.001157
2013,Chile,1.952057,0.001016
2013,New Zealand (No Islands),1.519468,0.000791
2013,Barbados,1.389836,0.000724
2013,Sub-Saharan Africa,1.358518,0.000707
2013,Guyana,0.936452,0.000488
2013,Hong Kong,0.873345,0.000455
2013,United Kingdom,0.861955,0.000449
2013,Cocos (Keeling) Islands,0.679889,0.000354
2013,Haiti,0.444861,0.000232
2013,Malaysia,0.385927,0.000201
2013,Pakistan,0.334976,0.000174
2013,St. Vincent And The Grenadine,0.277388,0.000144
2013,Suriname,0.218690,0.000114
2013,United Arab Emirates,0.214139,0.000111
2013,Grenada,0.141883,0.000074
2013,Thailand,0.141226,0.000074
2013,French Polynesia,0.100861,0.000053
2013,Argentina,0.049372,0.000026
2013,Singapore,0.045077,0.000023
2013,Former Soviet Union-12,0.032995,0.000017
2013,Brazil,0.028058,0.000015
2013,Ecuador,0.025333,0.000013
2013,Australia,0.018542,0.000010
2013,Oman,0.016928,0.000009
2013,St. Lucia,0.015747,0.000008
2013,Bahamas,0.014023,0.000007
2013,Turkey,0.013905,0.000007
2013,Belize,0.013051,0.000007
2013,Kuwait,0.008649,0.000005
2013,Jordan,0.007425,0.000004
2013,Bahrain,0.006299,0.000003
2013,Guadeloupe,0.004315,0.000002
2013,Other Europe,0.001693,0.000001
2013,Sint Maarten,0.001063,0.000001
2013,Aruba,0.000976,0.000001
2013,Qatar,0.000799,0.000000
2013,Brunei,0.000630,0.000000
2013,Turks And Caicos Islands,0.000433,0.000000
2013,British Virgin Islands,0.000118,0.000000
2013,Mongolia,0.000118,0.000000
2013,Bangladesh,0.000091,0.000000
2013,Uruguay,0.000016,0.000000
2014,Japan,472.524585,0.253109
2014,Mexico,446.145847,0.238979
2014,Colombia,172.074622,0.092172
2014,South Korea,154.885596,0.082965
2014,Peru,100.593602,0.053883
2014,Taiwan,72.410733,0.038787
2014,Canada,58.675811,0.031430
2014,Egypt,48.615065,0.026041
2014,Saudi Arabia,46.659898,0.024994
2014,Guatemala,33.541104,0.017966
2014,Costa Rica,30.469769,0.016321
2014,China,29.413173,0.015755
2014,Venezuela,27.946829,0.014970
2014,Dominican Republic,23.897615,0.012801
2014,El Salvador,21.198026,0.011355
2014,Panama,17.708612,0.009486
2014,Honduras,16.832567,0.009016
2014,European Union-27,14.209813,0.007612
2014,Morocco,11.728383,0.006282
2014,Jamaica,11.112739,0.005953
2014,Algeria,9.402942,0.005037
2014,Nicaragua,7.528219,0.004033
2014,Iran,5.420728,0.002904
2014,New Zealand (No Islands),4.161961,0.002229
2014,Trinidad And Tobago,3.487536,0.001868
2014,Jordan,3.167606,0.001697
2014,Chile,2.966757,0.001589
2014,Philippines,2.682421,0.001437
2014,Indonesia,1.791057,0.000959
2014,Tunisia,1.503433,0.000805
2014,Oman,1.299112,0.000696
2014,Afghanistan,1.281987,0.000687
2014,Barbados,1.196443,0.000641
2014,Sub-Saharan Africa,1.143068,0.000612
2014,Malaysia,1.113294,0.000596
2014,Ecuador,1.067981,0.000572
2014,Cuba,1.033376,0.000554
2014,Israel,1.015220,0.000544
2014,Hong Kong,0.982863,0.000526
2014,United Arab Emirates,0.905989,0.000485
2014,Guyana,0.760830,0.000408
2014,Turkey,0.528007,0.000283
2014,Vietnam,0.439975,0.000236
2014,Pakistan,0.287353,0.000154
2014,St. Vincent And The Grenadine,0.233335,0.000125
2014,Grenada,0.168457,0.000090
2014,Suriname,0.164126,0.000088
2014,French Polynesia,0.116648,0.000062
2014,Haiti,0.106294,0.000057
2014,St. Lucia,0.071886,0.000039
2014,Thailand,0.056769,0.000030
2014,Former Soviet Union-12,0.052844,0.000028
2014,United Kingdom,0.020755,0.000011
2014,Brazil,0.014653,0.000008
2014,Argentina,0.013669,0.000007
2014,Bahamas,0.012598,0.000007
2014,Other Europe,0.009503,0.000005
2014,Belize,0.006382,0.000003
2014,Singapore,0.006260,0.000003
2014,Kuwait,0.004055,0.000002
2014,Bermuda,0.003976,0.000002
2014,Qatar,0.002291,0.000001
2014,"Micronesia, Federated States",0.000905,0.000000
2014,Bolivia,0.000693,0.000000
2014,Antigua & Barbuda,0.000567,0.000000
2014,Sint Maarten,0.000547,0.000000
2014,Aruba,0.000354,0.000000
2014,Bangladesh,0.000091,0.000000
2014,Lebanon,0.000079,0.000000
2014,Brunei,0.000063,0.000000
2014,Syria,0.000028,0.000000
2015,Mexico,525.059985,0.276546
2015,Japan,410.979233,0.216461
2015,Colombia,179.044777,0.094302
2015,South Korea,116.699845,0.061465
2015,Peru,93.659733,0.049330
2015,Taiwan,80.238670,0.042261
2015,Saudi Arabia,54.692046,0.028806
2015,Venezuela,45.489552,0.023959
2015,Canada,39.938554,0.021035
2015,Guatemala,35.657252,0.018780
2015,Egypt,33.526924,0.017658
2015,Algeria,26.101562,0.013748
2015,El Salvador,24.837252,0.013082
2015,Costa Rica,21.732233,0.011446
2015,Honduras,21.652985,0.011405
2015,Morocco,17.732194,0.009339
2015,Vietnam,16.260433,0.008564
2015,Panama,15.416311,0.008120
2015,Israel,15.269090,0.008042
2015,European Union-27,14.526558,0.007651
2015,Chile,13.879144,0.007310
2015,Jamaica,11.149001,0.005872
2015,China,10.407764,0.005482
2015,Nicaragua,10.157040,0.005350
2015,Dominican Republic,9.951813,0.005242
2015,Sub-Saharan Africa,9.249122,0.004871
2015,Tunisia,6.995378,0.003684
2015,Indonesia,6.330449,0.003334
2015,Bangladesh,4.125152,0.002173
2015,Trinidad And Tobago,3.618577,0.001906
2015,Malaysia,3.371337,0.001776
2015,Cuba,3.358070,0.001769
2015,Philippines,3.152095,0.001660
2015,New Zealand (No Islands),2.151662,0.001133
2015,Thailand,2.050533,0.001080
2015,United Arab Emirates,1.970242,0.001038
2015,United Kingdom,1.735142,0.000914
2015,Jordan,1.143103,0.000602
2015,Guyana,1.124750,0.000592
2015,Barbados,1.112703,0.000586
2015,Hong Kong,1.024361,0.000540
2015,Haiti,0.364239,0.000192
2015,Suriname,0.295734,0.000156
2015,Oman,0.276404,0.000146
2015,St. Vincent And The Grenadine,0.267586,0.000141
2015,Pakistan,0.217049,0.000114
2015,Grenada,0.131805,0.000069
2015,St. Lucia,0.127159,0.000067
2015,Turkey,0.108204,0.000057
2015,French Polynesia,0.086610,0.000046
2015,Argentina,0.044608,0.000023
2015,Bahamas,0.026144,0.000014
2015,Brazil,0.022680,0.000012
2015,Myanmar (Burma),0.019527,0.000010
2015,Kuwait,0.012007,0.000006
2015,Belize,0.011263,0.000006
2015,Ecuador,0.010444,0.000006
2015,Aruba,0.009133,0.000005
2015,Singapore,0.007637,0.000004
2015,Cayman Islands,0.006118,0.000003
2015,Bermuda,0.005197,0.000003
2015,Iran,0.003752,0.000002
2015,Other Europe,0.001988,0.000001
2015,Sint Maarten,0.000996,0.000001
2015,Lebanon,0.000941,0.000000
2015,Australia,0.000787,0.000000
2015,Iraq,0.000764,0.000000
2015,Antigua & Barbuda,0.000669,0.000000
2015,Syria,0.000118,0.000000
2015,India,0.000110,0.000000
2015,Qatar,0.000008,0.000000
2016,Mexico,548.492083,0.238923
2016,Japan,535.482099,0.233256
2016,South Korea,220.489288,0.096045
2016,Colombia,187.094173,0.081498
2016,Peru,117.676094,0.051260
2016,Taiwan,116.553411,0.050771
2016,Saudi Arabia,85.152347,0.037092
2016,Guatemala,39.143340,0.017051
2016,Morocco,34.297435,0.014940
2016,European Union-27,33.148320,0.014439
2016,Costa Rica,32.249406,0.014048
2016,Dominican Republic,31.770857,0.013839
2016,China,31.770310,0.013839
2016,Canada,27.703872,0.012068
2016,Sub-Saharan Africa,23.808210,0.010371
2016,El Salvador,23.314202,0.010156
2016,Chile,21.368046,0.009308
2016,Honduras,19.938790,0.008685
2016,Panama,19.085331,0.008314
2016,Venezuela,16.495583,0.007185
2016,Indonesia,13.803915,0.006013
2016,Cuba,13.273546,0.005782
2016,Nicaragua,12.940633,0.005637
2016,Malaysia,12.861585,0.005603
2016,Egypt,12.710183,0.005537
2016,Bangladesh,11.910634,0.005188
2016,Jamaica,10.835197,0.004720
2016,Vietnam,7.872187,0.003429
2016,Jordan,7.430232,0.003237
2016,Algeria,3.580260,0.001560
2016,Israel,3.307545,0.001441
2016,Oman,3.126781,0.001362
2016,Trinidad And Tobago,3.063131,0.001334
2016,Ecuador,1.914280,0.000834
2016,United Arab Emirates,1.530479,0.000667
2016,Barbados,1.317064,0.000574
2016,Haiti,1.314662,0.000573
2016,Guyana,1.263952,0.000551
2016,Hong Kong,1.189629,0.000518
2016,Kuwait,0.787364,0.000343
2016,Tunisia,0.787364,0.000343
2016,Lebanon,0.785605,0.000342
2016,Philippines,0.700282,0.000305
2016,New Zealand (No Islands),0.484930,0.000211
2016,Suriname,0.376400,0.000164
2016,Thailand,0.332583,0.000145
2016,Pakistan,0.323827,0.000141
2016,St. Vincent And The Grenadine,0.275459,0.000120
2016,Grenada,0.131569,0.000057
2016,French Polynesia,0.097358,0.000042
2016,St. Lucia,0.093696,0.000041
2016,Brazil,0.043837,0.000019
2016,Australia,0.033581,0.000015
2016,Bahamas,0.025735,0.000011
2016,Other Europe,0.025597,0.000011
2016,United Kingdom,0.021385,0.000009
2016,Argentina,0.017078,0.000007
2016,Uruguay,0.016361,0.000007
2016,Aruba,0.010433,0.000005
2016,Cayman Islands,0.010295,0.000004
2016,Belize,0.008393,0.000004
2016,Brunei,0.003819,0.000002
2016,Turkey,0.003173,0.000001
2016,Qatar,0.002598,0.000001
2016,Bermuda,0.002559,0.000001
2016,Sint Maarten,0.002520,0.000001
2016,Former Soviet Union-12,0.001693,0.000001
2016,Iran,0.001216,0.000001
2016,India,0.000224,0.000000
2016,Syria,0.000118,0.000000
2017,Mexico,618.674153,0.253855
2017,Japan,520.040289,0.213384
2017,South Korea,225.667449,0.092596
2017,Colombia,200.179452,0.082138
2017,Peru,127.482993,0.052309
2017,Taiwan,96.448412,0.039575
2017,Vietnam,75.128518,0.030827
2017,European Union-27,74.163614,0.030431
2017,Canada,65.478328,0.026867
2017,Saudi Arabia,58.843295,0.024145
2017,Egypt,52.548002,0.021562
2017,Guatemala,34.009752,0.013955
2017,Costa Rica,32.908638,0.013503
2017,Morocco,29.392194,0.012060
2017,Israel,27.526463,0.011295
2017,Dominican Republic,24.834996,0.010190
2017,Honduras,24.322689,0.009980
2017,Panama,19.744610,0.008102
2017,El Salvador,18.006488,0.007388
2017,Venezuela,17.131199,0.007029
2017,Tunisia,12.788057,0.005247
2017,China,12.070079,0.004953
2017,Jamaica,11.442479,0.004695
2017,Nicaragua,11.027794,0.004525
2017,Philippines,7.538423,0.003093
2017,Indonesia,5.796183,0.002378
2017,Sub-Saharan Africa,5.380828,0.002208
2017,Cuba,4.590295,0.001883
2017,Trinidad And Tobago,3.603684,0.001479
2017,United Arab Emirates,2.785183,0.001143
2017,Malaysia,2.658941,0.001091
2017,Bangladesh,2.170606,0.000891
2017,Algeria,1.879675,0.000771
2017,Guyana,1.704880,0.000700
2017,New Zealand (No Islands),1.340098,0.000550
2017,Hong Kong,1.320343,0.000542
2017,Barbados,1.279802,0.000525
2017,Lebanon,0.916012,0.000376
2017,United Kingdom,0.800836,0.000329
2017,Chile,0.579524,0.000238
2017,Oman,0.479466,0.000197
2017,Haiti,0.455884,0.000187
2017,Suriname,0.364802,0.000150
2017,Pakistan,0.269853,0.000111
2017,St. Vincent And The Grenadine,0.215698,0.000089
2017,Ecuador,0.167472,0.000069
2017,Grenada,0.163103,0.000067
2017,Argentina,0.136769,0.000056
2017,Sri Lanka,0.096964,0.000040
2017,St. Lucia,0.096452,0.000040
2017,Cambodia,0.096295,0.000040
2017,French Polynesia,0.087555,0.000036
2017,Bahamas,0.056100,0.000023
2017,Thailand,0.041301,0.000017
2017,Myanmar (Burma),0.032715,0.000013
2017,Turkey,0.027770,0.000011
2017,Brazil,0.027148,0.000011
2017,Cayman Islands,0.021298,0.000009
2017,Former Soviet Union-12,0.009905,0.000004
2017,Iran,0.009118,0.000004
2017,Other Europe,0.007011,0.000003
2017,Belize,0.006901,0.000003
2017,Singapore,0.005984,0.000002
2017,Aruba,0.005484,0.000002
2017,Jordan,0.004976,0.000002
2017,Qatar,0.003504,0.000001
2017,Sint Maarten,0.003031,0.000001
2017,Uruguay,0.002992,0.000001
2017,Bermuda,0.002244,0.000001
2017,Brunei,0.001732,0.000001
2017,India,0.001602,0.000001
2017,Australia,0.001575,0.000001
2017,St. Kitts-Nevis,0.001299,0.000001
2017,Kuwait,0.000945,0.000000
2017,French Guiana,0.000787,0.000000
2017,Syria,0.000468,0.000000
2017,Iraq,0.000287,0.000000
2017,Guadeloupe,0.000161,0.000000
2018,Mexico,634.748910,0.306888
2018,Japan,523.156008,0.252935
2018,Colombia,187.435712,0.090621
2018,South Korea,147.555245,0.071340
2018,Canada,96.868884,0.046834
2018,Taiwan,79.846543,0.038604
2018,Peru,76.743910,0.037104
2018,Guatemala,47.872506,0.023145
2018,Costa Rica,34.307513,0.016587
2018,Saudi Arabia,31.225226,0.015097
2018,El Salvador,27.794014,0.013438
2018,Dominican Republic,25.867939,0.012507
2018,Honduras,22.785825,0.011016
2018,Egypt,20.907532,0.010108
2018,Panama,19.774684,0.009561
2018,Nicaragua,13.659807,0.006604
2018,Jamaica,10.223989,0.004943
2018,China,10.201176,0.004932
2018,Israel,8.467549,0.004094
2018,Morocco,6.440011,0.003114
2018,Venezuela,5.911248,0.002858
2018,New Zealand (No Islands),5.436389,0.002628
2018,Tunisia,5.040785,0.002437
2018,Philippines,3.541801,0.001712
2018,Trinidad And Tobago,3.235764,0.001564
2018,Vietnam,2.572004,0.001244
2018,Cuba,2.283317,0.001104
2018,Haiti,2.071989,0.001002
2018,Malaysia,1.688381,0.000816
2018,Guyana,1.620317,0.000783
2018,Barbados,1.378872,0.000667
2018,Hong Kong,1.376340,0.000665
2018,European Union-27,1.311355,0.000634
2018,Ecuador,1.086602,0.000525
2018,Sub-Saharan Africa,0.808352,0.000391
2018,Chile,0.599334,0.000290
2018,St. Vincent And The Grenadine,0.332583,0.000161
2018,Indonesia,0.296246,0.000143
2018,Pakistan,0.257885,0.000125
2018,Qatar,0.250224,0.000121
2018,Grenada,0.231210,0.000112
2018,Suriname,0.218533,0.000106
2018,Argentina,0.153288,0.000074
2018,French Polynesia,0.145820,0.000071
2018,Thailand,0.138852,0.000067
2018,St. Lucia,0.089342,0.000043
2018,Bahamas,0.058970,0.000029
2018,Oman,0.045037,0.000022
2018,Turkey,0.039510,0.000019
2018,Brazil,0.035120,0.000017
2018,United Kingdom,0.026841,0.000013
2018,Bangladesh,0.025022,0.000012
2018,Nepal,0.020747,0.000010
2018,Sri Lanka,0.019645,0.000009
2018,United Arab Emirates,0.016653,0.000008
2018,Aruba,0.011889,0.000006
2018,Other Europe,0.010248,0.000005
2018,Belize,0.008279,0.000004
2018,Cambodia,0.007834,0.000004
2018,Cayman Islands,0.007433,0.000004
2018,Curacao,0.006496,0.000003
2018,Australia,0.005425,0.000003
2018,Lebanon,0.004854,0.000002
2018,Former Soviet Union-12,0.004744,0.000002
2018,India,0.004504,0.000002
2018,Sint Maarten,0.003858,0.000002
2018,Jordan,0.002567,0.000001
2018,St. Kitts-Nevis,0.002559,0.000001
2018,Iran,0.002535,0.000001
2018,Bermuda,0.002165,0.000001
2018,Singapore,0.002165,0.000001
2018,Antigua & Barbuda,0.002087,0.000001
2018,Brunei,0.001732,0.000001
2018,British Virgin Islands,0.000748,0.000000
2018,Syria,0.000685,0.000000
2018,Uruguay,0.000024,0.000000
2019,Mexico,570.290722,0.320663
2019,Japan,396.407060,0.222892
2019,Colombia,192.534038,0.108258
2019,South Korea,103.432113,0.058158
2019,China,82.453120,0.046362
2019,Canada,67.532101,0.037972
2019,Guatemala,45.785301,0.025744
2019,Saudi Arabia,35.781463,0.020119
2019,Costa Rica,32.343401,0.018186
2019,Taiwan,31.749366,0.017852
2019,Honduras,29.401276,0.016532
2019,Peru,21.791096,0.012253
2019,Panama,20.084441,0.011293
2019,Dominican Republic,19.768082,0.011115
2019,El Salvador,19.568072,0.011003
2019,Israel,19.275782,0.010838
2019,Venezuela,18.116506,0.010187
2019,Nicaragua,11.245154,0.006323
2019,Jamaica,10.407418,0.005852
2019,Vietnam,8.732895,0.004910
2019,Tunisia,6.212384,0.003493
2019,Chile,6.089866,0.003424
2019,Philippines,3.626718,0.002039
2019,Trinidad And Tobago,3.567324,0.002006
2019,Sub-Saharan Africa,2.483068,0.001396
2019,Morocco,2.053446,0.001155
2019,Egypt,1.917276,0.001078
2019,Guyana,1.746768,0.000982
2019,Algeria,1.711573,0.000962
2019,New Zealand (No Islands),1.440877,0.000810
2019,Hong Kong,1.352220,0.000760
2019,Indonesia,1.214529,0.000683
2019,Barbados,1.206577,0.000678
2019,Cuba,1.141639,0.000642
2019,Malaysia,1.109396,0.000624
2019,United Arab Emirates,0.868305,0.000488
2019,Oman,0.799765,0.000450
2019,Ecuador,0.701577,0.000394
2019,Thailand,0.611349,0.000344
2019,Haiti,0.377935,0.000213
2019,Pakistan,0.277975,0.000156
2019,St. Vincent And The Grenadine,0.262704,0.000148
2019,St. Lucia,0.182354,0.000103
2019,Suriname,0.137832,0.000078
2019,French Polynesia,0.117711,0.000066
2019,European Union-27,0.116365,0.000065
2019,Bahamas,0.078815,0.000044
2019,Grenada,0.078343,0.000044
2019,Argentina,0.054895,0.000031
2019,Turkey,0.048612,0.000027
2019,Myanmar (Burma),0.030471,0.000017
2019,United Kingdom,0.023156,0.000013
2019,Brazil,0.021345,0.000012
2019,Bangladesh,0.021290,0.000012
2019,Australia,0.017487,0.000010
2019,Cambodia,0.012795,0.000007
2019,Kuwait,0.008897,0.000005
2019,Aruba,0.008299,0.000005
2019,Jordan,0.007822,0.000004
2019,Belize,0.005161,0.000003
2019,Qatar,0.004567,0.000003
2019,Sint Maarten,0.004543,0.000003
2019,Former Soviet Union-12,0.004205,0.000002
2019,Other Europe,0.003929,0.000002
2019,St. Kitts-Nevis,0.002992,0.000002
2019,British Virgin Islands,0.002283,0.000001
2019,Singapore,0.001968,0.000001
2019,Iraq,0.001398,0.000001
2019,India,0.000988,0.000001
2019,Lebanon,0.000913,0.000001
2019,Cayman Islands,0.000878,0.000000
2019,Anguilla,0.000866,0.000000
2019,Antigua & Barbuda,0.000748,0.000000
2019,Syria,0.000453,0.000000
2020,China,845.580043,0.307827
2020,Mexico,614.242878,0.223610
2020,Japan,440.502768,0.160362
2020,Colombia,154.942011,0.056405
2020,South Korea,141.369967,0.051465
2020,Canada,70.955353,0.025831
2020,Taiwan,65.198337,0.023735
2020,Guatemala,48.582563,0.017686
2020,Costa Rica,30.400414,0.011067
2020,Honduras,29.729107,0.010823
2020,Peru,28.402556,0.010340
2020,Saudi Arabia,28.225954,0.010275
2020,Morocco,23.425122,0.008528
2020,El Salvador,22.649095,0.008245
2020,Panama,22.387458,0.008150
2020,Nicaragua,22.007811,0.008012
2020,Israel,21.634021,0.007876
2020,Egypt,19.926578,0.007254
2020,Dominican Republic,18.395273,0.006697
2020,Vietnam,17.910414,0.006520
2020,Venezuela,15.803702,0.005753
2020,Jamaica,11.765082,0.004283
2020,Chile,8.982863,0.003270
2020,Algeria,7.120372,0.002592
2020,Indonesia,5.928224,0.002158
2020,Tunisia,5.635246,0.002051
2020,Jordan,3.463636,0.001261
2020,Trinidad And Tobago,3.447731,0.001255
2020,United Arab Emirates,3.294002,0.001199
2020,Guyana,1.775704,0.000646
2020,Kuwait,1.617050,0.000589
2020,Hong Kong,1.498473,0.000546
2020,New Zealand (No Islands),1.405528,0.000512
2020,Ecuador,1.196715,0.000436
2020,Oman,1.160992,0.000423
2020,Yemen (Sana),0.953105,0.000347
2020,Barbados,0.820327,0.000299
2020,Malaysia,0.711380,0.000259
2020,Thailand,0.412500,0.000150
2020,Grenada,0.395611,0.000144
2020,Pakistan,0.392651,0.000143
2020,United Kingdom,0.379313,0.000138
2020,St. Vincent And The Grenadine,0.354196,0.000129
2020,Haiti,0.323489,0.000118
2020,Philippines,0.281443,0.000102
2020,Cuba,0.216328,0.000079
2020,Suriname,0.175582,0.000064
2020,St. Lucia,0.159091,0.000058
2020,Bahrain,0.154138,0.000056
2020,European Union-27,0.121250,0.000044
2020,Bahamas,0.107058,0.000039
2020,Argentina,0.090535,0.000033
2020,French Polynesia,0.088185,0.000032
2020,Sub-Saharan Africa,0.070190,0.000026
2020,Turkey,0.070158,0.000026
2020,Brazil,0.028337,0.000010
2020,Other Europe,0.017109,0.000006
2020,Former Soviet Union-12,0.015712,0.000006
2020,Aruba,0.006417,0.000002
2020,Sint Maarten,0.006082,0.000002
2020,Cayman Islands,0.004602,0.000002
2020,Curacao,0.004212,0.000002
2020,St. Kitts-Nevis,0.003268,0.000001
2020,Mongolia,0.002323,0.000001
2020,Singapore,0.002165,0.000001
2020,Brunei,0.001457,0.000001
2020,Bangladesh,0.001102,0.000000
2020,Antigua & Barbuda,0.000858,0.000000
2020,India,0.000776,0.000000
2020,Belize,0.000571,0.000000
2020,Lebanon,0.000488,0.000000
2020,Australia,0.000118,0.000000
2020,British Virgin Islands,0.000083,0.000000
2020,Syria,0.000059,0.000000
2021,Mexico,664.845066,0.268907
2021,China,576.912335,0.233342
2021,Japan,399.763684,0.161691
2021,Canada,240.235678,0.097167
2021,Colombia,171.930877,0.069540
2021,South Korea,54.113432,0.021887
2021,Guatemala,51.854554,0.020973
2021,Honduras,34.400556,0.013914
2021,Taiwan,31.749917,0.012842
2021,Saudi Arabia,30.057446,0.012157
2021,European Union-27,29.395725,0.011890
2021,Costa Rica,28.594870,0.011566
2021,El Salvador,24.998079,0.010111
2021,Nicaragua,19.942849,0.008066
2021,Dominican Republic,19.362113,0.007831
2021,Panama,19.292900,0.007803
2021,Venezuela,18.828618,0.007616
2021,Jamaica,12.389131,0.005011
2021,Morocco,10.433917,0.004220
2021,Israel,8.845574,0.003578
2021,Tunisia,3.947530,0.001597
2021,Trinidad And Tobago,3.918429,0.001585
2021,Peru,3.421512,0.001384
2021,Indonesia,2.657048,0.001075
2021,Guyana,1.988843,0.000804
2021,Hong Kong,1.442904,0.000584
2021,Grenada,1.263799,0.000511
2021,Cuba,1.198136,0.000485
2021,Egypt,0.851066,0.000344
2021,Ecuador,0.787364,0.000318
2021,Pakistan,0.467474,0.000189
2021,St. Vincent And The Grenadine,0.409390,0.000166
2021,Malaysia,0.401843,0.000163
2021,Philippines,0.256704,0.000104
2021,St. Lucia,0.225934,0.000091
2021,Bahamas,0.149501,0.000060
2021,French Polynesia,0.146320,0.000059
2021,Oman,0.130754,0.000053
2021,Argentina,0.123789,0.000050
2021,Haiti,0.098854,0.000040
2021,Suriname,0.086649,0.000035
2021,Bahrain,0.078736,0.000032
2021,Turkey,0.070733,0.000029
2021,Sub-Saharan Africa,0.058966,0.000024
2021,Barbados,0.054198,0.000022
2021,United Kingdom,0.051372,0.000021
2021,Brazil,0.021566,0.000009
2021,Other Europe,0.015243,0.000006
2021,Aruba,0.014173,0.000006
2021,St. Kitts-Nevis,0.013740,0.000006
2021,Belize,0.010881,0.000004
2021,Jordan,0.008878,0.000004
2021,Sint Maarten,0.007362,0.000003
2021,United Arab Emirates,0.007110,0.000003
2021,Vietnam,0.006653,0.000003
2021,Cayman Islands,0.006397,0.000003
2021,Mongolia,0.005551,0.000002
2021,Chile,0.005390,0.000002
2021,Curacao,0.005039,0.000002
2021,Australia,0.004567,0.000002
2021,Former Soviet Union-12,0.004342,0.000002
2021,Singapore,0.003779,0.000002
2021,Iraq,0.003346,0.000001
2021,Antigua & Barbuda,0.003094,0.000001
2021,British Virgin Islands,0.002677,0.000001
2021,Qatar,0.002626,0.000001
2021,Fiji,0.001732,0.000001
2021,Montserrat,0.001181,0.000000
2021,India,0.001173,0.000000
2021,Bangladesh,0.000736,0.000000
2021,Turks And Caicos Islands,0.000669,0.000000
2021,Anguilla,0.000472,0.000000
2021,Syria,0.000122,0.000000
2021,Lebanon,0.000079,0.000000
2021,New Zealand (No Islands),0.000020,0.000000
2021,Libya,0.000008,0.000000
2022,Mexico,636.746095,0.383141
2022,China,303.433405,0.182581
2022,Japan,267.588437,0.161013
2022,Colombia,90.744059,0.054602
2022,Canada,76.313489,0.045919
2022,Guatemala,33.373262,0.020081
2022,Honduras,33.275239,0.020022
2022,South Korea,33.181165,0.019966
2022,Taiwan,27.599940,0.016607
2022,El Salvador,23.576819,0.014187
2022,Costa Rica,20.765515,0.012495
2022,Saudi Arabia,19.734591,0.011875
2022,Dominican Republic,13.220230,0.007955
2022,Nicaragua,12.018881,0.007232
2022,Panama,11.785018,0.007091
2022,Venezuela,10.600168,0.006378
2022,Morocco,9.047919,0.005444
2022,Jamaica,8.903556,0.005357
2022,Peru,7.750815,0.004664
2022,European Union-27,6.861318,0.004129
2022,Trinidad And Tobago,2.878525,0.001732
2022,United Kingdom,2.374219,0.001429
2022,Iraq,1.736379,0.001045
2022,Hong Kong,1.075618,0.000647
2022,Israel,1.064438,0.000640
2022,Grenada,1.001173,0.000602
2022,Chile,0.797451,0.000480
2022,Guyana,0.761913,0.000458
2022,Pakistan,0.676980,0.000407
2022,Barbados,0.561588,0.000338
2022,St. Vincent And The Grenadine,0.468403,0.000282
2022,New Zealand (No Islands),0.393682,0.000237
2022,Philippines,0.368994,0.000222
2022,St. Lucia,0.343724,0.000207
2022,Argentina,0.315694,0.000190
2022,Bahamas,0.113026,0.000068
2022,Malaysia,0.093440,0.000056
2022,French Polynesia,0.078461,0.000047
2022,Indonesia,0.044801,0.000027
2022,Sub-Saharan Africa,0.036443,0.000022
2022,Egypt,0.023952,0.000014
2022,Brazil,0.017578,0.000011
2022,Haiti,0.016417,0.000010
2022,St. Kitts-Nevis,0.015511,0.000009
2022,Other Europe,0.015444,0.000009
2022,Aruba,0.015393,0.000009
2022,Singapore,0.013775,0.000008
2022,Turkey,0.013432,0.000008
2022,United Arab Emirates,0.013043,0.000008
2022,Sint Maarten,0.011102,0.000007
2022,Former Soviet Union-12,0.009578,0.000006
2022,Suriname,0.006496,0.000004
2022,Thailand,0.005275,0.000003
2022,British Virgin Islands,0.004960,0.000003
2022,Australia,0.004567,0.000003
2022,Belize,0.003090,0.000002
2022,Ecuador,0.002795,0.000002
2022,Jordan,0.002756,0.000002
2022,Cayman Islands,0.002500,0.000002
2022,Antigua & Barbuda,0.002283,0.000001
2022,Bangladesh,0.002283,0.000001
2022,India,0.001665,0.000001
2022,Dominica,0.000866,0.000001
2022,Curacao,0.000441,0.000000
2022,Vietnam,0.000016,0.000000
2023,Mexico,899.933791,0.399116
2023,Japan,438.968840,0.194680
2023,Colombia,245.947869,0.109077
2023,China,117.743933,0.052219
2023,Canada,109.857101,0.048721
2023,South Korea,92.520499,0.041032
2023,Taiwan,68.152520,0.030225
2023,European Union-27,37.538915,0.016648
2023,Guatemala,36.863810,0.016349
2023,Honduras,36.791687,0.016317
2023,Saudi Arabia,36.274038,0.016087
2023,Venezuela,21.783380,0.009661
2023,El Salvador,20.608396,0.009140
2023,Costa Rica,15.932279,0.007066
2023,Panama,15.543876,0.006894
2023,Nicaragua,11.109987,0.004927
2023,Jamaica,10.768940,0.004776
2023,Dominican Republic,10.024054,0.004446
2023,Morocco,9.562895,0.004241
2023,Philippines,4.238280,0.001880
2023,United Kingdom,3.451057,0.001531
2023,Trinidad And Tobago,3.297600,0.001462
2023,Guyana,1.530164,0.000679
2023,St. Vincent And The Grenadine,1.181873,0.000524
2023,Hong Kong,0.824371,0.000366
2023,Barbados,0.819883,0.000364
2023,Malaysia,0.792179,0.000351
2023,Grenada,0.617727,0.000274
2023,Argentina,0.509921,0.000226
2023,Pakistan,0.472541,0.000210
2023,St. Lucia,0.351283,0.000156
2023,Vietnam,0.200502,0.000089
2023,Bahamas,0.118282,0.000052
2023,Suriname,0.112432,0.000050
2023,St. Kitts-Nevis,0.061296,0.000027
2023,Sub-Saharan Africa,0.043089,0.000019
2023,Other Europe,0.034459,0.000015
2023,Turkey,0.033372,0.000015
2023,French Polynesia,0.031443,0.000014
2023,India,0.027522,0.000012
2023,Brazil,0.025420,0.000011
2023,Peru,0.024487,0.000011
2023,Indonesia,0.012952,0.000006
2023,Aruba,0.012125,0.000005
2023,Sint Maarten,0.011732,0.000005
2023,Belize,0.011220,0.000005
2023,Chile,0.007874,0.000003
2023,British Virgin Islands,0.006574,0.000003
2023,Jordan,0.006141,0.000003
2023,Cayman Islands,0.003708,0.000002
2023,Antigua & Barbuda,0.003622,0.000002
2023,Cambodia,0.002795,0.000001
2023,Former Soviet Union-12,0.002701,0.000001
2023,Bangladesh,0.001835,0.000001
2023,United Arab Emirates,0.001657,0.000001
2023,Cuba,0.001457,0.000001
2023,Curacao,0.001260,0.000001
2023,Ecuador,0.001181,0.000001
2023,Haiti,0.001079,0.000000
2023,Greenland,0.000669,0.000000
2023,Egypt,0.000567,0.000000
2023,Israel,0.000512,0.000000
2023,New Zealand (No Islands),0.000157,0.000000
2024,Mexico,1007.588043,0.350766
2024,Japan,529.848267,0.184453
2024,Colombia,300.393733,0.104575
2024,South Korea,241.756945,0.084162
2024,European Union-27,148.234001,0.051604
2024,Taiwan,92.618774,0.032243
2024,Guatemala,65.916532,0.022947
2024,Canada,65.759563,0.022893
2024,Vietnam,43.138730,0.015018
2024,Honduras,42.483623,0.014790
2024,Costa Rica,33.880683,0.011795
2024,Dominican Republic,31.963805,0.011127
2024,Morocco,31.806155,0.011073
2024,Israel,25.393426,0.008840
2024,El Salvador,24.817371,0.008640
2024,Panama,23.878033,0.008313
2024,Egypt,23.105483,0.008044
2024,Saudi Arabia,22.482757,0.007827
2024,Nicaragua,19.130710,0.006660
2024,Sub-Saharan Africa,16.036963,0.005583
2024,Venezuela,13.219746,0.004602
2024,Jamaica,12.259437,0.004268
2024,Tunisia,12.209974,0.004251
2024,Indonesia,10.350180,0.003603
2024,United Kingdom,8.187365,0.002850
2024,New Zealand (No Islands),3.897454,0.001357
2024,Turkey,3.726584,0.001297
2024,Trinidad And Tobago,3.285199,0.001144
2024,Malaysia,2.736804,0.000953
2024,Guyana,1.867707,0.000650
2024,Libya,1.377888,0.000480
2024,China,1.288778,0.000449
2024,Peru,1.153961,0.000402
2024,Barbados,1.073591,0.000374
2024,Cuba,1.034203,0.000360
2024,Hong Kong,0.969836,0.000338
2024,Philippines,0.933259,0.000325
2024,Grenada,0.551564,0.000192
2024,Pakistan,0.397402,0.000138
2024,St. Vincent And The Grenadine,0.342582,0.000119
2024,United Arab Emirates,0.277877,0.000097
2024,Suriname,0.277172,0.000096
2024,Chile,0.247217,0.000086
2024,Thailand,0.147277,0.000051
2024,Bahamas,0.100913,0.000035
2024,St. Kitts-Nevis,0.062005,0.000022
2024,Other Europe,0.049946,0.000017
2024,St. Lucia,0.049132,0.000017
2024,Argentina,0.033542,0.000012
2024,Sint Maarten,0.032731,0.000011
2024,Haiti,0.023897,0.000008
2024,Belize,0.018503,0.000006
2024,Brazil,0.017916,0.000006
2024,Qatar,0.016771,0.000006
2024,India,0.015842,0.000006
2024,Aruba,0.014173,0.000005
2024,Cayman Islands,0.008905,0.000003
2024,Kuwait,0.007283,0.000003
2024,Bahrain,0.006181,0.000002
2024,Bermuda,0.005472,0.000002
2024,French Polynesia,0.004842,0.000002
2024,Jordan,0.004823,0.000002
2024,British Virgin Islands,0.004291,0.000001
2024,Former Soviet Union-12,0.003964,0.000001
2024,Antigua & Barbuda,0.002559,0.000001
2024,Bangladesh,0.000862,0.000000
2024,Turks And Caicos Islands,0.000709,0.000000
2024,Curacao,0.000669,0.000000
2024,Australia,0.000118,0.000000
2024,Lebanon,0.000118,0.000000
